review,sentiment
"Last week, I took a look at the weekly Nielsen ratings, and there was Veronica Mars, supposedly ""the best show you're not watching"".<br /><br />Well, they're right that you're not watching it. It aired twice and was ranked 147 and 145 out of 147.<br /><br />Translation: this is the lowest-rated show on any nationally broadcast network... and deservedly so. I tried to watch it a couple of times because of all the press coverage hyping it as a ""great"" show, a ""realistic look"" at life and all such nonsense. The reality was otherwise. Veronica Mars is a bore. It's as unrealistic as it gets, and it richly deserves to be canceled.<br /><br />The only Mystery is why CW felt compelled to put on its inaugural schedule the lowest-rated show in memory, after two years of continued commercial and artistic failure.",pos
"I am sad that a period of history that is so fascinating and so rich in material for film can be made into a ho-hum event . Wm C Quantrill was barely shown in the film , probably the most intriquing figure of the period. Frank James was never mentioned, Cole Younger , ditto , and Bloody Bill Anderson , who would weep for his murdered sister every time he went into battle was completely absent in the script. Instead we were forced to watch fictitious characters that never developed into anyone we cared about. how sad. The costumes were wonderful however, as was the location shooting in Missouri. I hope Ang Lee will make another film from the period and try again, or some other film maker will look into the tremendous wealth of material to write a screen play on .",neg
"I don't understand why the other comments focus on McConaughey. He has never been a very interesting film actor. <br /><br />The best part of this movie is the writing and the wit. Alfred Molina and Patrick McGaw make an unusual comic duo, definitely not stock types. Although one can't say their characters are well developed that doesn't make them any less funny.<br /><br />The version I saw was on HDNET and had subtitles for the Spanish dialog, so that was certainly not a problem. The use of Spanish gives it more authenticity. <br /><br />A very underrated movie, judging by the unusually low score IMDb members have given it. I thought it was fun and interesting and worth a 7 at least. A lot of slick movies with higher scores and making big money at the box office are much less interesting.",neg
"I have two very major complaints regarding this film.<br /><br />1. That my local rental store shelved what is very clearly a soft core porn in the ""suspense"" category. (Had I known what it was, I would not have wasted my time renting it in the first place. And yes, this movie is a soft core porn.)<br /><br />2. The title has nothing to do with the movie. No one in this movie does anything that is either deviant or obsessive, let alone a combination of the two.<br /><br />Actually, make that three major complaints:<br /><br />3. That I for some reason watched the movie long enough to discover point number two on this list. Boy do I regret that. Stay away from this movie. Learn from my mistake. This movie is valueless on virtually every level.",neg
"What happened in the making of this movie so that it ended up as the total mess it is? Just one year after ""The Breakfast Club"", a brilliant movie with many of the same actors as in ""St. Elmo's Fire"" (who by the way looked and acted in the latter more like they were still the high school misfits from the former but without the grip or discipline in portraying their roles.<br /><br />Was it the directing or the writing. Since it was the same person (Joel Schumacher) it must be both. But then Schumacher has since given us ""The Phantom of the Opera"", ""Phone Booth"", ""A Time to Kill"", and two Batman movies, ""Batman and Robin"" and ""Batman Forever"" which range from good to great directing. Something went wrong on ""StEF"" because it has no genius whatsoever, no comedy worth anything, and is very far off the mark on what is truly valuable in life. <br /><br />Example: The character Wendy (a rich little girl with a heart to do good and help the less fortunate played by Mare Winningham ) reveals to Billy (an unruly slob who cheats on his wife and on his girlfriends, drinks far too much and has no sense of order in his life appropriately played by Rob Lowe) that she is still a virgin. Billy truly see a challenge and possible conquest but Wendy ""is not ready"". Wendy, in fact is so not ready it is hard to believe she is in this clique of friends. Later in the story, when Billy whose wife has left him taken his child and married another has somehow drawn some of the strings of his life together. Billy is leaving for New York, deserting and abandoning all parental responsibility for his baby daughter, he convinces Wendy that her virginity would be the perfect ""going away gift"" from her to him. And Wendy, who works as a social worker helping broken families, seems not to be phased at all by this despot. Give me a break. The one thing she can only give once, she gives to a loser who is leaving his family and friends? Schumacher frames this scene as a wonderful and touching moment.<br /><br />Many more example exist where there is a complete disconnect between what is real and of value being tossed overboard and the acts are made to look like virtue.<br /><br />I suppose some may say that ""that was the 80's"" but I remember it was in the ""80's"" that men began to be held responsible for the children they fathered whether in a marriage or out.<br /><br />I think this movie is so bad because it is so out of sync with what it really valuable and right.<br /><br />As for the technique (not the story), it was terrible as well. It is disjointed and feels like a 3 hour movie that has been edited to 1 hour and 40 minutes. Transitions and jumps in time simply do not make sense. Pick up what is on the editing room floor, put it back in and the movie would probably flow much better...but it still is a horrible movie.<br /><br />Maybe Schumacher has become a better and stronger director since 1986 (he must have) or maybe he was over his head when it came to writing the screenplay for St Elmo's Fire or maybe this group of actors took over the set and went their own way - that is what I really think happened.",pos
"Christopher Lloyd is funny and really believable as ""Al the head angel"". This movie is much better than the first, but it has great special effects that the first did not have as well as a much better plot and writing.<br /><br />OK - it was written for kids, but adults have as much fun as the kids do. Tony Danza does a very realistic job in his role - but this is NOT a Taxi reunion.<br /><br />Danny Glover is actually good and even seems to be very human in his emotions as well as showing some real acting talent for a change, a pleasant change.<br /><br />Watch at least once - it is worth the effort to catch it.",pos
"Previous commentator Steve Richmond stated that A Walk On The Moon is, in his words ""not worth your $7"". I ended up paying a bit more than that to import what is one of the worst-quality DVDs I have yet seen, of this film or any film in existence. Even when you ignore the fact that the DVD is clearly sourced from an interlaced master and just plain nasty to watch in motion, the film has no redeeming qualities (save Anna's presence) to make watching a top quality Blu-Ray transfer worthwhile. Not that this is any fault of the other actors. Liev Schreiber, Diane Lane, Tovah Feldshuh, and Viggo Mortensen all score high on the relative to Anna Paquin acting ability chart. Far more so than Holly Hunter or Sam Neill did in spite of an equally lousy script, anyway. Director Tony Goldwyn's resume is nothing to crow about, but Pamela Gray's resume includes Wes Craven's most dramatic excursions outside of the horror or slasher genre, so one could be forgiven for thinking this is a case of bad direction.<br /><br />As I have indicated already, the sole reason I watched this film is Anna Paquin. In her acting debut, she literally acted veterans of the industry with a minimum of twelve years' experience above hers under the table. While she is not as far ahead of her castmates here, her performance as a girl that starts the piece as a brat and grows into a woman whose world is crashing down around her proves her Oscar was no fluke. For some time I have been stating to friends that she would be the best choice to portray the heroine of my second complete novel, and a dialogue seventy-three minutes into this film is yet another demonstration of why. This woman could literally act the paint off walls. Anna aside, only Liev Schreiber comes close to eliciting any sympathy from an audience. Sure, his character spends the vast majority of the film neglecting a wife with an existential crisis, but he plays the angered reaction of a man who feels cheated brilliantly. I should know, even if it is not from the same circumstances here.<br /><br />Viggo Mortensen also deserves credit for his portrayal of a travelling salesman, although perhaps not to the same extent. In a manner of speaking, he is the villain of the piece, but he successfully gives the character a third dimension. Yes, his actions even after the whole thing explodes are underhanded, but not many men would act any differently in his situation. Nobody wants to be the other man in this kind of messed-up situation, so Viggo deserves a lot of credit for giving it a try here. Unfortunately, these are all participants in a story about a woman who feels trapped in a stagnant marriage where Tovah Feldshuh tells us that the Mills And Boon archetype of women being the only ones who feel life is passing by simply does not exist. Either writer Pamela Gray or director Tony Goldwyn thought they could just put this line into the film without thinking of how the audience might receive it. Anna even gets to speak the mind of the audience when she asks Diane who she is to be lecturing anyone about responsibility.<br /><br />That said, the film does have a couple of things besides Anna going for it. Mason Daring's original music, while not standing out in any way, gives the film a certain feeling of being keyed into the time depicted that helps where the other elements do not. Roger Ebert is right when he points out that while Liev is a great actor, putting him alongside Viggo in the story of a woman forced to choose between her marriage and her fantasy is a big mistake. He is also very correct in that when the film lingers over scenes of Lane and Mortensen skinny-dipping or mounting one another under a waterfall, it loses focus from being a story of a transgression and becomes soft porn. The film seems terminally confused about the position of its story. No matter how many times I rewatch Liev's scenes, I cannot help but feel he has been shortchanged in the direction or editing. One does not have to make their leads particularly handsome or beautiful, but taking steps to make them the most interesting or developed characters in the piece would have gone a long way.<br /><br />Ebert also hits the nail right on the head when he says that every time he saw Anna on the screen, he thought her character was where the real story lay. Stories about the wife feeling neglected and running into the arms of a man who seems interesting or even dangerous are a dime a dozen, to such an extent now that even setting the story in parallel with an event as Earth-shattering as the moon landing will not help. In spite of feeling revulsion at the manner in which her character's story is presented, Anna might as well be walking around with a neon sign above her head asking the audience if they would not prefer to see the whole thing through her eyes. While I am all too aware that it is difficult to control exactly which character your audience will find the most interesting from your cast, it is very much as if they did not bother to try with Lane and Schreiber. Fans of these two would be well advised to look elsewhere. Hopefully by now my ramblings about the respective performances will give some idea of where the whole thing went wrong.<br /><br />I gave A Walk On The Moon a three out of ten. Anna Paquin earns it a bonus point with one of her best performances (and that is saying something).",neg
"Where is it written that sequels must suck? Scream 2 didn't! Others didn't! But this one sure did... problems include horrible actors (only Christopher Walken could act in the entire film), bad writing (you will never understand what's going on and I even have done research on the idea of Nephilim before), and just horrible choices for casting. Eric Roberts makes the stupidest Archangel Michael that I have ever seen in my life!<br /><br />Avoid it like the plague unless you are desperate to see Christopher Walken. In that case just fast-forward to the parts where he is in the film, and avoid the others.<br /><br />Yech!!!",neg
"This low budget B horror's plot comes with all the amenities - mad scientist complete with sidekick, malicious corporate greed of pharmaceutical industry, eccentric and extreme genetic engineering, and information technology....can't leave that out.<br /><br />Start with strange sequence of hot looking nameless boaters that foolishly decide to take a dip in the waters near an uncharted island and end up chum for swarming hammerhead sharks.....<br /><br />Cut to weak back story implying the stock decline of a generic pharma corporation which motivates its wicked Shakespeare quoting CEO to entertain an un-solicited offer made by a former employee/scientist that was jilted out of his job as head of research and who also happens to be a nut...of course (total Herbert West wannabe). He is offering up a new stem cell technology that could make tons o' cash...or so it seems...This lures in several employees to his Moreau-ish island (must have been quite an impressive exit package from the company when he was let go for him to afford an island) to validate his scientific findings including the CEO and, co-incidentally, the ex-fiancé of the mad scientist's son now morphed sharkuman (how convenient)....<br /><br />The plan, sort of, is to rekindle lost love between the former nuptials while exacting revenge on the former colleagues for his termination. (Sheez, how can this guy be bitter? He has his own friggen' island after all...).<br /><br />Soon, everyone is on the run (from endless supply of security guards toting heavy weaponry, from mutant plants  can there be an uncharted island without man-eating plants?, from sharky son's appetite for carnage, from quack daddy's breeding plans, and from lack of a cell phone signal)...and they all must learn to work together to get off the island alive! <br /><br />Will anyone escape? Will a new species be created? Watch it and find out.<br /><br />There is some entertainment value in this movie, but don't expect much...for the true Combs fan, this is not to be missed. <br /><br />Don't say I didn't warn you.",neg
"Dewaana as a film goes through the usual clichés. Man and Woman fall in love and marry, husband is supposedly killed by a family friend who wants their family fortune, woman remarries and surprise surprise husband no.1 reappears. The movie is reminiscent of Yash Chopra's Chandni and countless others. Divya Bharti and Shah Rukh Khan give good performances. Amrish Puri as a villain goes through the motions and is nothing more than a standard bollywood villain The music by Nadeem Shravan is superb, all the songs were brilliant. My favourites are Sochenge tumhe pyar or Koyi na koyi chahiyye. Dewanna is an ordinary movie that goes through the motions.",pos
The only thing remarkable about this movie? is that all the actors could bomb at the same time. Idiocy. I want my money back...and I got it free from the library. Sheesh. I would rather chew on tin fool and shave my head with a cheese grater then watch this again.,neg
"I was intrigued by the title, so during a small bout of insomnia (fueled by my curiosity...), I stayed up and watched it. I then checked my TV listings and watched it again! There is one very obvious realization that occurred to me when I saw this film- in spite of politics, traditions, culture, etc., teenagers everywhere are virtually the same. The characters of the kids from Belgrade could have been transported to, let's say, somewhere in the American Midwest during the same time period, and language differences aside, would be impossible to tell apart from any of the local teens of that era. They certainly displayed the same growing pains and preoccupations, politics aside: Music, sex, movie idols, music, drinking, sports, music... As a matter of fact, much the same things that occupied my time growing up in 1970's Southern California.<br /><br />This was a bittersweet story, but the joy of youth made it very enjoyable. The characters, especially the young actors, were completely believable also. I won't say this was the Yugoslav ""American Graffiti"", but I will say that it fits in nicely with other 50's-themed movies.",pos
"I have seen a lot of Saura films and always found amazing the way he assembles music, dance, drama and great cinema in his movies. Ibéria shows an even better Saura, dealing with multimedia concepts and a more contemporary concept of dance and music. Another thing that called my attention is the fact that, in this movie, dancers and musicians, dance and music, are equally important: the camera shows various aspects of music interpretation, examining not only technical issues but also the emotional experience of playing. The interest of Saura on the bridge between classical and contemporary music and dance is one more ingredient in turning this movie maybe the most aesthetically exciting among his other works. That's why I recommend it strongly to those who love good cinema, good music, good dance, great art.",pos
"Alas, poor Hamlet. I knew him, dear reader, and let me tell thee, THIS VERSION SUCKS! I don't know who of all people put up the money for this flotsam, but I hope that they're proud of themselves. They took THE classic play and turned it into the most boring melodrama imaginable. This version is quite literally so bad, that not even the presence of a great thespian like Maximilian Schell in the title role can save it. This movie's only redeeming quality is that it made great fodder for ""MST3K""; Mike, Servo and Crow had a lot of fun with this one.<br /><br />But either way, I'm sure that Shakespeare, had he been alive when they made this, would not have wanted his name associated with it. This ""Hamlet"" is not even so bad that's it good; it's just plain bad. Absolutely dreadful.",neg
"A Cinderella story made for adults who live in dreamland. The romance is very unrealistic, fluttery, lovey dovey, perfect etc. The Cinderella plot till the very end and Shahid Kapoor is the only reason for my stars. If you're looking for a dreamy romance with a twist, this is definitely you're movie, but for the rest of us real world people, I'd highly recommend saving your three hour watch time. Wake up people!<br /><br />Four out of the five people that saw the film with me would not recommend the film. We had a great time bashing majority of the unrealistic scenes. Maybe I'm missing something.. I just can't believe a movie like this can beat a classic like HDDCS!!",pos
"<br /><br />Although the lead actress is STRIKINGLY beautiful, the plot stands little chance of acceptance because too many distracting details face the audience during the unfolding of the story.<br /><br />One may believe that middle-class teen-age school girls in the 1950's easily gave away their virginity without thought of marriage to 30-year-old's they barely know, but I doubt it.<br /><br />One may believe that young high school teens are highly self-confident and self-assured as they interact with their elders in complex social situations, but my experience has been, more often than not, teenagers feel very awkward and act clumsy as they experiment in the adult world.<br /><br />One may believe that a experienced medical doctor would not know the pungent oder of Stroptomycin -- the smelly fermenting byproduct of busy earth microbes -- and not detect that some lifeless bland powder is fake, but I think not.<br /><br />One may believe that 30-something-year-old troublemakers can enter into, and hang around inside, a public school rec hall during a school social and make trouble, but I think that school socials are traditionally a protected environment and parents, chaparones and school staff would be around to prevent this.<br /><br />One final nit, throughout Hey Babu Riba the five teenage friends referred to themselves as the foursome. There is probably an explanation why the FIVE were the FOURsome, but because it was never detailed, each reference distracts from each scene.<br /><br />This movie did not ring true for me.",neg
"This movie is a bad memory from my childhood. This is one of those movies that they show kids on a rainy day at school when you can't go out for recess, and you'd rather be watching anything, ANYTHING else. At least that's what it was like when I was in elementary school. I just remember HATING this movie. Granted, I haven't seen it in 15 years or so, and they probably don't use it on rainy days anymore but I just want to warn everyone: You'd be better off using this to put your kids to sleep than entertaining them. Trust me, pick anything else. Even though the topic is kind of controversial, the plot is so tame and slow that I can't remember anything about it except that I disliked it so strongly that here, 15 years later, I felt the need to warn all of you against it.",neg
"In its depiction of a miserable Milanese underclass, this film was probably quite revealing in its day. However, I get the feeling that neorealism was never really director De Sica's bag, since here he decided to try and create some sort of modern fable centring around a boy that had been found in a cabbage patch by an old dear in the country. After spending most of his childhood in an orphanage, Toto ends up living in a shantytown in Milan. He organises the inhabitants into community action, and keeps their spirits up by swanning around with an annoyingly constant smile on his face and testing them on their times tables. That nobody tells him where to stick his times tables is beyond me, as these people have far more important things to think about, like where the next Pot Noodle is going to come from. Anyway, De Sica then uses a sublimely subtle dramatic device in order to highlight exactly why these poor sods are where they are. It's all down to capitalism of course, and in order to illustrate this, he has the miserables discover a fountain of oil on their land. Brilliant! To his credit, though, by this time he has given up on making a serious film, and the capitalists appear as severe caricatures, all fur coats and cigars. They want that land, but our mathematical hero will not support such nonsense. By a bizarre stroke of luck, his old, deceased guardian from the cabbage patch days appears in the sky and gives him a magic dove. He uses it to shower gifts on his mates, who prove just as greedy as the cigar men. I reckon this film was a missed opportunity. To address the theme of poverty , as not many film-makers had done until then, and then get caught up in a fairy tale, to me seems a bit daft. How come 'great' directors get away with child-like plot turns like the ones we see here? Hans Christian Anderson would probably have balked at the idea of having the poor folk flying off over the Milan Duomo and on to a higher place on broomsticks. De Sica, however, is proclaimed as a genius for this. Surely the fact that these people are so poor, that their faith is unswerving, and that miracles never happen to them, is enough for any story-teller to work on.<br /><br />",pos
"For a science scare movie to work well it has to be either truly original or a very good retelling. This movie is neither. Sure there is a pseudo-original twist in that the guy kills people because of a toxin and not because of a disease, but that is a very minor twist. There is the government conspiracy angle, the crusader protagonist who has personal experience...<br /><br />And one real drawback of this movie is that the contaminated man has no pathos. Although the character is scripted to be someone who should be pitied, he is not. Without the pity the movie is pointless. The other characters are so cookie cutter they are ridiculous. The subplots are convoluted and annoying. And the saddest thing is the movie is too flat to even be enjoyed as mock material. Make the movie a 45 minute short and it might be worth watching.",neg
"It's difficult to know where this adaptation starts going wrong, because I think the problem begins with the books themselves. Alexander McCall Smith has worked out that you read them not for the detective stories, but for his deeply condescending and completely spurious vision of an Africa that does not exist. He's done for Botswana what Borat did for Kazakhstan - not as successfully, but based in as much fact.<br /><br />Once I realised this, it ceased to gall me that Jill Scott, an American singer/actress, is cast as Mma Ramotswe. If she is to represent a land that is not Africa, how appropriate that she is a black woman who is not African? She's not the only American on the cast; Mma Makutsi is played by Anika Noni Rose. Both women are far, far too young for the roles they're playing, and far too glamorous. Both brutally murder the local accents, and both focus so entirely on this brutality that they fail to offer much in the way of acting. Scott's Mma Ramotswe is bouncy, cute and soft. Rose's Mma Makutsi is an annoying motor-mouthed bitch.<br /><br />The result is almost unwatchable. The principal cast is redeemed only by the presence of Lucian Msamati, who turns in a decent performance as Mr JLB Matekoni. Hes comes off smarter and more intense than in the books, but I find myself unable to blame Msamati for this - he's a shining light in an ocean of suckage. The contradictions between his performance and the books are clearly laid at the feet of whichever committee of butchers wrote the script.<br /><br />To me, McCall Smith's writing has always been highly entertaining yet notoriously bad. He refuses to be edited. As a result, his books contain experiments in grammar that border on the scientific, and characters that change name mid-sentence. It is therefore something of an achievement that the writing team on this project actually made it worse.<br /><br />The dialogue is now largely Anglicised. Characters speak of ""opening up"" and ""sensitivity to needs"". Mma Ramotswe and Mr JLB Matekoni flirt openly. Mma Makutsi moans about not having a computer, but given her constantly restyled hair, makeup and jewellery, I'm surprised she doesn't have a MacBook in her handbag along with her Visa card.<br /><br />So what are we left with here? It's difficult to be upset with this crappy adaptation because honestly, most of the things I like about the original books are apocryphal anyway. McCall Smith paints a fictional Botswana populated with cute, non-threatening black people who are full of amusing and palatable wisdom-nuggets. It reads well despite linguistic travesty, but it is a vision of how a certain type of white person wishes black people were. It just isn't true.<br /><br />Given that, it's hardly surprising that this show sucks as much as it does. It remains to be seen whether European and American audiences will even notice, however.",neg
"Nicolas Roeg ? He directed the classic supernatural thriller DON`T LOOK NOW didn`t he ? Strangely the aforementioned movie was broadcast on BBC television at the weekend which did tonight`s screening of COLD HEAVEN no favours what so ever . <br /><br />You see it`s impossible not to compare COLD HEAVEN with DON`T LOOK NOW since they both have the same director and the same structure and for the first third of COLD HEAVEN I thought they also had the same plot except a dead husband had been substituted instead of a dead child , in fact my mind was set on this movie revolving around a grief stricken widow seeing her late husband running around Venice wearing a red anorak . This doesn`t occur but about one third of the way through the running time there`s a massive plot twist and despite being an essential plot twist it`s not explained in any great depth . In fact very little is explained in COLD HEAVEN which ruins the movie <br /><br />People have mentioned the rather poor production values of COLD HEAVEN and it`s impossible not to notice them . If I didn`t no different I would have thought this was a TVM since it`s got a made for television feel to it right down to white capital letters in the title sequence . Roeg also tries to inject art house pretentions via spoken thought processes but again this doesn`t help the movie at all . One can`t help feeling Roeg should have put all his effort into the plot twists which are totally flat on screen <br /><br />Cheap production values , disinterested directing and a really bizarre premise and screenplay make for a bad movie",neg
"""Ask the Dust"" looked intriguing from the trailer, and we especially like all of the actors. Unfortunately, the movie was not compelling enough to be considered drama, and it wasn't funny enough to be a comedy. It practically seemed to satirize itself, and to no entertaining effect. After seventy minutes of waiting for this thing to get better, my wife and I walked out, valuing not having wasted any more time on such nonsense. It simply was not interesting, moving, funny nor artistic. It appears as though it were written, produced and directed by a high school kid; worse yet, it was such a shameful waste of otherwise extraordinarily talented actors, not to mention our time and money.",neg
"What happens to washed up rock-n-roll stars in the late 1990's? They launch a comeback / reunion tour. At least, that's what the members of Strange Fruit, a (fictional) 70's stadium rock group do.<br /><br />Tony (Stephen Rea) has the concession on condom vending machines when he runs into the son of the promoter of a famous music festival. It was at that festival in the 70's that Strange Fruit broke up. The 70's are ""retro"" and the time is right to wide that wave. He sets off in search of the other members of the band.<br /><br />Part of what broke up the band was the death and replacement of Keith, the lead singer and brilliant song writer. The band was known for its excessive lifestyle and now they are all back amongst the working class from which they came. Beano, the drummer, played by Timothy Spall (who was brilliant in Secrets and Lies) is a layabout, the bass player is a roofer, and their lead singer is still a rocker. While he owns a huge mansion he has been forced to sell it, as his fortune has not lasted. Brian, the lead guitarist, is dead, so a young guitarist is hired to replace him.<br /><br />Somewhat reluctantly the band agree to give the reunion a try. Abandoning their day jobs, they begin to rehearse, and their manager approaches their label about reissuing their albums. But he wants them to start touring again first. And so they hit the club circuit around Europe. The club scene is not kind to these overweight, dated, old rockers.<br /><br />It is on tour that the film really starts to develop. All of the old conflicts rearise, with the figures of Keith and Brian hovering throughout. They all hang together because they are all in search of a second chance for the greatness that eluded them earlier. And they rediscover some of the interpersonal chemistry that made playing together so enjoyable.<br /><br />Still Crazy starts as Spinal Tap II but gradually becomes a more dramatically focused film, following the relationships of the band members. While it is still a very funny movie, it is the evolving characters, struggling to deal with the deaths of Brian and Keith and with their own personal demons, that make the film work.",pos
"Contrary to my principles, let me first come up with a conclusion, because I have just seen this piece of ""art"", and still am under strong impressions. The reader is asked to excuse my stronger vocabulary.<br /><br />Well, this movie is absolutely horrible, and I would never bother to write a single word about it, if it were not for the fact that ""44 Minutes"" made me sick to death, which rarely happens to me. The fact that I paid for that does not exactly makes me feel better, as well as the fact the movie deserved the high user rating here.<br /><br />So what is wrong with the movie? It has a fashionable title - ""44 Minutes"". One first thinks about ""15 Minutes"", which is by the way a much better movie, but still bad in my book, and indeed the two can be compared to some extent. But, as luck would have it, the things they share are their worst characteristics. They both feature Mr. Oleg Taktarov, who with his strong Russian accent obviously meets the popular expectations and prejudices. His purpose is to appeal to the Cold War mind. Ah, do we miss the good old times. Now, I don't imply that he is a bad actor, I am yet to judge his true performance, but he is simply not a true individual here, he is more like an archetype. How anyone can still indulge in such things is completely beyond my comprehension. We can recognize modern American xenophobia here. The point in the movie when Taktarov explains to his companion that Romanians are not Germans, and that they are in America is truly laughable. Are we to assume that the greatest desire of the wretched duo is to become ""true"" Americans? <br /><br />Then, there is the media issue. Yes, it seems that the most of what we learn comes from cameras, interviews and reporters. The director should have made us feel the rhythm of the presumed 44 minutes. Instead he bores us with interviews throughout the movie like in a cheap TV show, trying to reinvent the wheel. In 15 Minutes the issue of media is the central one.The point is presented in a way a teacher addresses an obtuse student, but that deserves a separate comment, we are focusing on 44 Minutes now. So, I have been trying to identify the purpose of this movie. What is it? To provide good time for the audience? To glorify weapons? To glorify police? Portray violence? Oh yes, the officer gives the Bible to the underage delinquent. So it must promote peace and understanding after all? I don't think so, but don't ask me. I only know I didn't enjoy any of this.<br /><br />Ah, Michael Madsen. I admit, I am a big fan. I hoped he would be a bright point, but I was wrong. It's not his fault though. <br /><br />As the final note, comparing ""firepower"" to ""willpower"" at the end of the movie was one of the worst lines I have ever heard.<br /><br />To summarize, on the scale 1-10, I give it a pure, unadulterated 1.",neg
"The Wooden Horse was one of the first ""great"" escape stories from World War II, telling the true story of Eric Williams and others in their escape from Stalag-Lufft III in October of 1943. I really like this film, but had to by it on VHS from Amazon in England and get it transferred from PAL format in the U.S. I read the book when I was in hight school, after having seen a portion of the film in the early 60's on T.V. The taunt drama of Peter and John trying to escape from Germany during the war is more realistic than the treck of the escapes portrayed in the Great Escape. This film is a lost treasure, that should be made more available to American audiences.",pos
"Because that's all she does through out this whole movie,is get naked for no good reason.When Tarzan is bitten by a snake,she suddenly removes her clothes.Since when is a boa constrictor poisonous?How did Tarzan get poisoned by the way ? This whole movie is screwed up.They couldn't get the species of animals for this movie right.Whats an Orangutang doing hanging around those chimpanzees?He must have wandered off the set of a much better film.The group of cannibal tribe's men look caucasin.Why?And why was Bo and her dad painted,if they were going to be eaten later?It was probably just a lame excuse to show her breasts and curves again.Her dad while hunting, approaches and acts stupidly around a bull elephant while standing too close to it.Any real African bull elephant that wasn't from the circus,would've stomped this moron's butt.Any smart hunter would've started shooting the minute he saw it.And I can't help but wonder if the camera was on LSD,because it kept showing various scenes that went in slow motion, for no good reason.It didn't make good sense at all.The boa constrictor that Tarzan wrestled with in the water,looks like one of those 12 Ft rubber snakes you can buy at a local Spencer Gifts.Tarzan was strangly speechless in this film,maybe from Bo flashing herself so much.I'm sorry,but this is a rip off of a classic Black and White Tarzan movie,with a similar but better story.Not To mention plotting .There's one scene in that I saw that everyone forgot to mention.*(SPOILERS ALERT)*The scene where he is trying to rescue Jane and her dad,has him standing too close to a running water spout.It made it seem like he's urinating on someone below him.Eww!Also, him and Jane are fooling around on a beach,with perverted monkeys jumping and clapping.She sure did take her dad's death real well.*(END OF SPOILERS)*There should be a Surgeon General's Warning on this film.That seeing Bo naked too much in this movie,will make you go blind.",neg
"I've just finished viewing the 1st disc in a 4-disc (26 episodes) collection created in conjunction with the UCLA Film & Television Archive (S'More Entertainment, Inc.). So far (aside from the 1st episode), the image quality is quite good. The DVD box is shown on the title page here on IMDb.<br /><br />""Mr. Peepers"" is just as charming as when I first saw it (5-years old at the time) and Wally Cox is truly endearing in this role. If you're in the mood for quiet comedy that sneaks up on you, as opposed to hitting you over the head, you'll treasure this chance to experience all the wonderful characters you might remember from your childhood. Although some of the gags are a bit corny, most are ingenious and well-executed...and even the corny ones are fun. This is one TV series that lives up to my early childhood memories of it.",pos
"what ends up killing this movie is its self-consciousness, among other things. here's a short list: 1. irreverent behavior. when the beatles came over and injected their brand of ""quirky, irreverent"" behavior/humor, it was greeted as fresh. that was over 4 decades ago. get over it.<br /><br />2. false sophistication. spewing out base, quasi-socio-political-isms is hard ground to make work comically. ask woody allen.<br /><br />3. the post-modern ""i'm hard on this phony world and yes, i recognize it in myself"" snake eating itself - used as illustration with another animal in the film itself! - is such a retread.<br /><br />4. smarmy, smug drollness.<br /><br />5. amateurish writing, acting, direction... ever seen student films? a victim of itself, about the only thing i can say positive is that it at least has a sense of itself, and sheesh, now i'm getting caught up in the self-reflexive thing that it posits as worthwhile, of value.<br /><br />but towards... what? ultimately, it just rings as hollow as any other pretentious piece - hey, ever see woody allen's take on bergman, ie: ""Interiors""??? well, this just does it more amateurishly.",neg
"Words can't describe how utterly stupid this story (and therefore bad this movie) is! Basinger, Del Toro ... what were you thinking ?? So there's a mall and its parking space is totally full. Basinger's character goes in to buy a cup of tea and some packaging paper.<br /><br />When she comes out, the whole place is so empty, that nobody hears two gunshots fired nearby ?? Even though she lives there, when she drives away from the baddies, she goes to the most remote and godforsaken place possible instead of the nearest police station or at least a crowded place ?? COME ON !!! I won't even go into the infamous red toolbox, since other people have done that before. Let alone how she kills the moronic thugs one by one.<br /><br />This is so stupid, without the least bit of logic, I can only warn you watching it, it's a TOTAL waste of time, honestly !!",neg
"THE SECRET OF KELLS is an astonishing first animated feature which will dazzle your eye and move your heart. The shortcomings of the film's limited budget and sometimes limited animation are more than compensated for by the visual poetry of the story of young Brendan's heroic quest to become a master illuminator during the dark ages. Historically this was in the late 8th century, when the centers of Irish learning were over-run by the Vikings. The Vikings appear here as brute antagonists, the equivalent on the North Seas of the plundering Huns and Mongols further East. The film's narrative--- which functions more as a parable--- centers around the conflict between Brendan, who seeks to create beauty in his illuminations during a time of encroaching darkness, and his stern Uncle the Abbot-- who seeks to protect the town of Kells and his nephew with a looming wall as barrier against the Norsemen. The Abbot disregards the value of Brendan's art in his quest for security. This is the movie's outer conflict. Brendan's inner conflict is to find the hidden eye of creative illumination which will allow him to complete the most difficult painting in the Book of Kells. This eye is guarded by a Dragon Ouroboros, who destroys from within those not suited to this quest as surely as the Vikings will kill from without (That's as much of the story as I'll divulge!)<br /><br />What I really like about this film is its creators' imaginative understanding of some of the greatest art work to survive in the West from 1200 years ago. The characters are stylized in flat abstract shapes defined by line just as in the original Book of Kells. (Particularly noteworthy is monk Aidan's pet cat, defined in few lines, yet purely--- and even magically metamorphically feline.) The range of emotion which Brendan and the other animated characters convey given their economy of abstract design is a tribute to the excellent artistry of the director and his animators. The decorative borders on the edge of the picture change to complement the dramatic impact of a given scene, and this characteristic of illuminations from the dark ages is brought to wondrous animated life in THE SECRET OF KELLS. Of course, historical dramas usually tell us more about our own times than the times which these dramas endeavor to depict. However, by introducing archetypal elements into this story, the writers and director of THE SECRET OF KELLS convey a numinous sense of lived-life from that far-off time in Ireland which feels psychologically true, however much the script might stray from pedantic historical fact. (The United Nations' band of illuminators who appear as a rogues' club of artists in The SECRET OF KELLS aren't historically probable, but they're all well-designed, individuated characters who do much to convey the universal appeal of this quintessentially Irish story.) Animation has always seemed the best vehicle to me to better help us understand the visual art of different times and cultures. The magnificent art direction of this movie clearly derives from its historical visual source, but has also been cleverly adapted to the demands of animated storytelling; if animation had existed in the Dark Ages, the SECRET OF KELLS is what it would look like! Finally, Brendan's hero's quest in this film is the artist's perennial quest to convey the spirit of beauty, life and inspiration. (Without being preachy or even particularly Christian, this movie affirms Jesus' dictum that ""Man does not live by bread alone."" ) In my estimation the most inspired movie about the creative process of visual artists is Andrei Tarkovsky's ANDREI RUBLEV, a film about the great Russian icon painter of the 15th century. The SECRET OF KELLS expresses much the same sense of mystery and exhilaration about the artist's visual quest and creative process. It's certainly not as profound as ANDREI RUBLEV, but--- heck--- its a cartoon! (And one which will appeal to young and old alike.) I think this movie will hold up well to repeated viewing: in its own modest life-affirming way, this stylized SECRET OF KELLS is a classic.",pos
"This was one of the worst films I have ever seen.<br /><br />I usually praise any film for some aspect of its production, but the intensely irritating behaviour of more than half the characters made it hard for me to appreciate any part of this film.<br /><br />Most common was the inference that the bloke who designed the building was at fault an avalanche collapsing it. Er ok.<br /><br />Also, trying to out ski an avalanche slalom style is not gonna work. Running 10 feet into some trees is not gonna work. Alas it does here. As mentioned before the innate dumbness and sheer stupidity of some characters is ridiculous. In an enclosed space, with limited oxygen a four year old could tell you starting a fire is not a good idea.<br /><br />Anyway, about 5 minutes of the movie redeems itself and acquires some appreciation. However, if you have a modicum of intelligence you too will find most of this film hard to tolerate.<br /><br />It pains me that so many quality stories go unproduced and yet someone will pay for things like this to be made.<br /><br />Oh, did I mention the last five minutes? Well to give you a hook you have to keep watching in order to see the latest in combative avalanche techniques. Absolutely priceless.",neg
"Do you like really inventive comedy or do you love ""the wedding crashers"", if the answer is the latter stop reading now. I can't believe this movie is not higher rated. Basically Meadows plays a character not unlike Austin Powers.There are so many inventive moments in this gagorama. From crudity - Leon playing with himself on the porch, the ex boyfriend tricked into eating . . Oh well. To inspired lunacy- clown sex , the Broadway routine, the voice over. Meadows is great as the childish, but very sweet natured Leon. Some great lines ""don't blame the wang"" ""freaky deaky sex world"" too many. . . Why this movie wasn't huge is a mystery. Great comedy.",pos
"The original ""les visiteurs"" was original, hilarious, interesting, balanced and near perfect. LV2 must be a candidate for ""Worst first sequel to a really good film"". In LV2 everyone keeps shouting, when a gag doesn't work first it's repeated another 5 times with some vague hope that it will eventually become funny. LV2 is a horrible parody of LV1, except of course that a parody should be inventive. If you loved LV1 just don't see this film, just see LV1 again!!",neg
"***LIGHT SPOILER ALERT*** The story sounds good and if you've read the novel, then you're probably expecting a deep and intense movie that could offer some insight for some interesting and insufficiently explored human relationships.<br /><br />True enough, the script tries to do that, the director tries to do that, but the main cast fails miserably. Maria's acting is so dry that lacks any feeling whatsoever, her most intense moments seem almost comical. Sometimes she seems to be nervous due to the camera. Her only really feeling scene is near the end where she gets dumped by her girlfriend.<br /><br />Ioana seems even more tense than Maria and even worse, she doesn't seem natural at all. Maria had the attitude, even if it was artificially pushed towards being obvious, but she had it and her character received some credibility. And to make matters worse, we don't have an insight on her: where does she come from, how come she got involved in the lesbian relationship, how did the relationship evolve? We only get some bits from her parents and their relationship just seems to 'be' there: it has a content and and end, but no beginning. Just like her partner Maria, she has only once scene that is truly touching, the scene where she dumps Maria's character Kiki.<br /><br />Tudor is the only person in this movie (aside from the landlady, great acting there) who manages to prove some acting talent. He has his character's attitude and it fits him. Only once or twice he seems to falter (the scene at his parents' meal, he tries to be obvious when it wasn't necessary at all).<br /><br />I love the story, Tudor Chirila is OK there, the landlady actually acts and Puya delivers his couple of lines with style, but this doesn't save the movie. Too bad, the entire setting had huge potential and the Romanian cinematography could've used a movie on this theme.<br /><br />Oddly enough, the incestuous relationship between brother and sister seems to have more credibility than the no-background no-feeling (well, Maria's spoken interludes are a nice try in this direction) lesbian relationship of Maria and Ioana. I'm quite sorry for spending money on a ticket, I'd rather had watched it from the comfort of my room.",neg
"I read the book a long time back and don't specifically remember the plot but do remember that I enjoyed it. Since I'm home sick on the couch it seemed like a good idea and Hey !! It is a Lifetime movie.<br /><br />The movie is populated with grade B actors and actresses.<br /><br />The female cast is right out of Desperate Housewives. I've never seen the show but there are lots of commercials for the show and I get the gist. Is there nothing original anymore? Sure, but not on Lifetime.<br /><br />The male cast are all fairly effeminate looking and acting but the girls need to have husbands I suppose.<br /><br />In one scene a female is struggling with a male, for her life, and what does she do??? Kicks him in the testicles. What else? Women love that but let me tell you girls something... It's not as easy as it's always made to look.<br /><br />It wasn't all bad. I did get the chills a time or two so I have to credit someone with that.",neg
"Antonioni, by making this film, had assumed the role of Papa Smurf to all the little long-haired, American, radical student-Smurfs. He had taken them under the guiding protection of his European communist wings, showing appreciation and support for their confused American ways. (These Smurfs are red and wear blue, not the other way around.) The radical Smurfs were happy to get the guidance of a wise old man with gray hair who regularly preys to the God of all long-haired Smurfs, Lenin the Communist - another wise old man whose beard made the Smurfs take him even more seriously, for it symbolized something wise, though they did not quite know why they regarded the beard to have this kind of deep effect on them. Castro, another wise bearded man, has often profited from this confusion and exuded magical powers with his beard over his naive overseas admirers. (Not to mention Che Guevara: that beard has a certain je-ne-sais-pas-quoi about it, makes one want to immediately embrace Marx and his lovely, pacifistic teachings) The film starts with a muddled meeting of radically stupid radical students, who engage in dialogues that truly redefine the word ""confused"". As confused as a blind-folded dog falling of a high-story building into a bottomless pit. Suddenly, the movie's ""hero"" (well, Antonioni's hero) rises up and says something to his pathetic left-wing peers and then leaves, hoping that this display of ""mega-coolness"" will improve his James Dean image and vastly increase his chances of getting laid with the best ""chicks"" in the next mass hippie orgy. Eventually he gets into trouble with cops (i.e. pigs) at a rally, and spends the movie under the blue American capitalist skies, looking for freedom Or something like that.<br /><br />Antonioni's predictable assault on capitalism is not only intellectually hollow, but has (or had) nothing new to offer; it's just the same old trigger-happy one-dimensional cops, businessmen discussing business deals (and what's wrong with that, isn't that how Antonioni's movies get made?), and endless shots of TV commercials and billboards advertising the oh-so morally decadent products for the abhorrent, selfish, and greedy right-wing rabble-population who thinks of no one but themselves, their families, their work, and their children.<br /><br />Papa Smurf Antonioni, just like his long-haired Smurfs and Smurfettes of the late 60s, failed to notice the most obvious and vital aspect about their silly movement: they were allowed to have their laughable meetings and express their anti-establishment opinions freely within that very establishment, whereas the students in those countries whose left-wing systems they admired, did not (and still do not). By far the greatest irony about the hippies - and Antonioni, naturally, failed to realize this as well (his judgment being clouded by cocaine-snorting and an excessive intake of LSD) - is that hippies were (are) the garbage-residue of capitalism. This is an incredible irony. Only in a successfully-functioning capitalist system can you find that species called ""hippie""; a spoiled, ungrateful, and selfish bunch of middle and upper-middle class losers.<br /><br />The film itself seems to go on forever. Antonioni takes his sweet time with getting on with it, while including overlong scenes of pointlessness, with a high dullness factor. His attempts at symbolism are annoying and trite. His statements are highly dubious, at best. This film is Antonioni's way of saying that violent revolution is the solution. And this is what we get from an old, saturated, filthy-rich, fat film-maker who lives in villas and dines in the best French and Italian restaurants.<br /><br />I don't remember seeing any major Western movie about the Tiananmen massacre of thousands of students in China. But when one Western student gets shot for waving Che Guevara's face into all our faces, we get ten major films about it at once. I suppose this means that a Chinese life is worth a thousand times less than a Western one  at least to the left-wing hypocrites who infest movies.<br /><br />If you're a Marxist neo-hippy and disliked this awful review, please klick ""NO"" below.",neg
"After going for a bike ride that day, lying beside a lake in a nature reserve, spending half an hour feeding and talking to a donkey who lived in a beautiful field with a small wood in it, this film made absolute sense to me.<br /><br />The imagery of the film was beautiful and that is all you need. Switch off the conscious control knob of the mind and job done.<br /><br />Reminded me of Baraka (1992) but with the added lesson of my previous paragraph.<br /><br />This comment requires a minimum of ten lines, ten lines is the minimum not 9 lines but ten. After finishing counting all the lines you realise that there are less than ten even though less than ten lines is all that is needed to make my comment.",pos
"A very unique Sci-Fi animated film, and frankly I love uniqueness no matter which way it tends to be, better or worse. This French film is quite interesting to watch, the technique part is innovatory, like ""Waking Life"" I recently watched.<br /><br />It took me quite a long time to get used to the Black-White style, but eventually I love it, the sketchlike images are really fancy! The contracted future world is a symbol of human race's final destination which I adore it very much.<br /><br />The whole plot is fine for a Sci-Fi, not so intriguing but it's OK, like some Hollywood's products, a giant conspiracy about human's eternity, a little bit cliché and the twisted ending is not so convincing, some development is just too plain and insipid, and the whole movie is too long.<br /><br />So I think I'm just in love with the style this film shows, others are not so good.<br /><br />About the eternity of life, I think most people have come to a unanimousness that we don't want eternity because it demolishes the meaning of life, we treasure our lives because they are limited and meaningful, if everyone can live forever, thus the world world will become a disaster and chaos. Leaving someone you love is hard and heartbreaking, but that's also a way to show our lives are genuine and all the emotion fulfills one's life and make the world colorful and lively.",pos
"A powerful adaptation of the best-selling book and the smash Broadway play about the lives of Bessie and Sadie Delany, two ""colored"" sisters who lived past the age of 100. Wonderfully played in their old age by Ruby Dee and Diahann Carroll, respectively, they tell their story in flashbacks to Amy Hill Hearth (played by Amy Madigan), a white New York Times reporter. The flashback and present-day scenes don't have as much inspirational value in them as in the book, but really are powerful. However, certain aspects of the sisters' lives, such as the inter-racial background of their mother and the reasons behind their father's stern personality are not presented clearly. You need to read the book to fully understand these things. Which is just as well, because the book's just as great! Aside from those flaws, it's wonderfully done and performed, especially by Dee and Carroll, and a very powerful and educational movie.",pos
"Although I've long been a fan of Peter Weir, I hadn't watched any of his Australian movies until I watched The Last Wave. And it was a pleasant, unpredictable surprise.<br /><br />Richard Chamberlain plays David, a lawyer invited to defend five aborigines charged with murdering another Aborigine. For David's peers it's a clear case of drunken disorder and they think they should plead guilty and serve a quick sentence. But David believes there's a mystery underneath the murder, linked to tribal rituals. As his investigation proceeds he learns not only things about his clients but about himself too.<br /><br />To reveal more would be to spoil one of the strangest movies I've ever seen. I can only say that this movie goes in directions that no one will be expecting.<br /><br />There are many elements that make this a fascinating movie: Chamberlain's acting, for instance; but also the performances by David Gulpilil, who plays a young aborigine who introduces David into tribal mysteries; and Nandjiwarra Amagula, who plays an old aborigine who's a spiritual guide. The relationships between these three characters make the heart of the movie.<br /><br />But there's also the way Weir suggests the supernatural in the movie. David has dreams that warn him of the future. Australia is undergoing awful weather, with storms, hail falling and even a mysterious black rain that may be nothing more than pollution. But it's also related to the case David is defending. How it's related is one of the great revelations of the movie. Out of little events Weir manages to create an atmosphere of dread and oppression, suggesting future horrors without really showing anything.<br /><br />Charles Wain's score is fantastic, especially the use of the didgeridoo. The photography is also quite good. Russell Boyd, Weir's longtime DP who won an Oscar in 2004 for Master and Commander, depicts a dark, creepy world full of mystery.<br /><br />I also find it remarkable that for a movie centered on aborigines, it doesn't turn into an indictment against white culture or into a sappy celebration of the their traditions, like Dances With Wolves or The Last Samurai. This movie is too clever to be that simplistic.<br /><br />Sometimes it can be frustrating, and it may upset viewers who expect to finish a movie with everything making sense; but for those who don't mind some strangeness or ambiguity, The Last Wave is a great movie to watch.",pos
"The five or so really good westerns that Mann made are unequaled as an ensemble in Hollywood. Even John Ford never made that many with so much quality. The curious thing about them all is how uneven they are. Ford's My Darling Clementine is worth about two and a half of any of them. Or at least two. <br /><br />The real hero of them besides Mann and Stewart is Chase. Chase being responsible for the brilliant Red River. Chase wrote far country, bend of the river, and probably some others. But none of them are as finished as My Darling Clementine, but then very few films, western or otherwise are. <br /><br />Each of the five films of Mann have huge gaps, or is it six, lets see. Bend, Far, Man of the West, Furies, Winchester 73, and yep, six, Naked Spur. Each have magnificent scene after magnificent scene, with fairly glaring lapses. Yet so does Red River, which is still the single greatest western ever made. So perfection isn't everything. <br /><br />But The Far Country has huge, huge holes. It's mawkish, and really comes alive only when Stewart and Mc Entire are locking horns. The rest is pretty pedestrian, with the usual exception of Mann's camera. Mann's camera is a one man course in cinematography. It is about as good an eye as anybody who ever got behind a strip of moving film. It is almost never in the wrong place, never. <br /><br />The Far Country has one amazing moment. And as usual it comes from Stewart. Nobody in the history of cinema ever received physical punishment with the authority of that man. He is absolutely amazing: look at him in Bend, Far, Winchester, and Man from Laramie: in Bend has been beaten up and is hanging by a thread so believably and with such boiling hatred he looks like somebody displaced from Dachau, in Far he is shot off a raft with such violence, it looks so convincing that you wince, and of course when he is dragged through the fire in Man, well you find yourself looking for the burn marks. What an actor. Not to mention the moment in Winchester when he is beaten up early in the hotel room, also as well as anybody ever did it. <br /><br />But that was Mann's territory: look at Gary Cooper fighting with Jack Lord in Man of the West. As painful as any fight scene ever recorded. Cooper while not being quite as convincing as Stewart, nevertheless is somehow his equal in looking exhausted at the end of the fight. In short, nobody but nobody but nobody ever showed the human being in extremis as well as Mann. <br /><br />What a great, great director. <br /><br />See every western he ever made. They are his real monuments, even if all are scetchy. But so what. When he gets roaring with his great scenes they are as good as anybody, including Ford. And his six westerns as an ensemble are the best ever done by anyone, period.<br /><br />Thanks, Anthony.",pos
"It was pointed out in a now deleted post from another IMDb user that anyone who might see ""The Medusa Touch"" should be warned about a scene that's eerily reminiscent of the Sept. 11, 2001 terrorist attacks in NYC. But I hope anyone reading this will consider this warning. Despite an interesting pedigree (producer Elliott Kastner produced ""Harper"" and ""The Long Goodbye""; co-producer Arnon Milchan co-produced the Oscar-nominated ""L.A. Confidential"" and screenwriter John Briley won an Oscar for ""Gandhi"") and an international cast, I found ""The Medusa Touch"" to be a heavy-handed, unintentional laugh riot. It was a poorly directed, horribly written and acted mess. It tried to capitalize on the 70s telekinetic thrillers genre. The movie fails on many counts. Please consider ""Carrie"" and the underrated ""The Fury"" (both directed by Brian DePalma). They were two entertaining and exciting thrillers that dealt with the same subject matter.",pos
"I may not be a critic, but here is what I think of this movie. Well just watched the movie on cinemax and first of all I just have to say how much I hate the storyline I mean come on what does a snowman scare besides little kids, secondly it is pretty gory but I bet since the movie is so low budget they probably used ketchup so MY CRITICAL VOTE IS BOMB!!! nice try and the sequel will suck twice as much.",neg
"I hate this movie! It was NOTHING like the book, and just thinking about it makes me mad. If you watch the movie before reading the book, then yeah, it's a good movie. But King's book was AMAZING and this movie was nothing like it. I mean, the general meaning might be sort of similar but most aspects of the movie are completely different. The ending for example! So in the book it is extremely intense and Danny and Wendy escape seconds before the hotel explodes. but in this horrible movie version jack like takes them through a stupid maze... yeah, there is no maze in the book and there is no reason for it. Another part that made me angry was that jack just kills Mr. Halloran! what the heck, he is basically the hero of the book and they just kill him off like he wasn't important. Overall, it was just bad that the movie was so extremely off.",neg
"Come on Tina Fey you can do better then this. As soon as the movie started i knew how it would end. Sure it was funny at times. Even laugh out loud funny. But there isn't enough laughs to save this movie. I don't recommend buying this. At the most i recommend renting it but thats all. Baby Mama has some funny scenes but is predictable and fails to have the heartwarming ending it strives for.<br /><br />Tina Fey and Amy Poalher made a good team. Mean Girls is one of my favorite movies. Tina Fey and Amy Poalher both did great in that and they do good in this. But this isn't there best. Baby Mama had a great supporting cast. Dane Cook, Sigourney Weaver and Steve Martin add to the casts greatness.<br /><br />Another pregnancy movie has hit the cinema world. After the great Knocked Up and Juno, Baby Mama looks very average when compared. Knocked Up and Juno are Hilarious, Heartwarming and have endings that leave you with a smile on your face. Baby Mama's ending was unfunny and dull.<br /><br />Baby Mama wasn't the best comedy of the year and it doesn't try to be. I recommend it but don't expect it to be totally hilarious. Expect a average comedy that doesn't give the big emotional ending it tries to have. I give Baby Mama.....<br /><br />4/10",pos
"I saw the MST3K version of ""Deathstalker III"" and loved the movie so much -- even ""unmystied"" -- that I decided to watch the entire series of ""Deathstalker"" films. I bought I and II and settled down for a laugh.<br /><br />Nothing about ""Deathstalker I"" was funny on any level and when the credits rolled I was embarrassed and regretful that I had bought it! Too much ugliness and nudity. I guess either ""DS 3"" was a much cleaner production or MST3K really edited a lot because I expected something similar, i.e. stupid and carefree and simple. I was wrong. Even at $6.99 it seemed a waste of money. I didn't even open ""DS 2"" as I will return it tomorrow. Now I'll probably just throw away this DVD as I can't return it and no one wants it -- including myself! So really, don't bother with this one. Even the nudity (lots of it, btw) is uninspiring and icky.",neg
"I saw this on TV so long ago that I can't remember when it was, but it still stands out as one of the scariest, most unnerving films I've ever seen. There is a simultaneously subtle but intense dread induced by the woman in black lurking at the edge of the frame, not quite clearly visible, so that you feel (like the solicitor hero), unsure whether its just imagination or not. It is also one of the few films which has really made me fearful to keep watching. ""Production values"" be hanged, good films are about a director's ability to create atmosphere using film, actors, locations/sets, music, attention to detail, and ...imagination. A real gem.",pos
"I am a Jane Eyre lover and a purist, and this version includes almost all of the important details of the book, and the characters are portrayed as I imagined them. Jane Eyre is a complex story of great richness and can't be delivered properly in a feature-length format, so it needs a TV mini-series. Timothy Dalton's Rochester is probably the best ever. There has been a lot of discussion about how attractive he is and his age. In the book, Jane (the narrator) describes him as ""about 35"" and not young, but not yet middle aged. I think Timothy Dalton was about 38 when he made this, so that is about right. Also, we only have Jane's opinion of whether Rochester is handsome. She only just met him and he asks her bluntly what she thinks. As an inexperienced and humble girl, I can't imagine her saying she did think him handsome. The actor playing Rochester needs to show us the character of the man, and this is fulfilled to perfection. I love the relationship between the two leads, which is the crucial thing about this story, and the humour of their encounters. Other versions have blown it, but this gets it right. The 2006 version with Toby Stephens (aged 37 years) is in progress on BBC1 and is very good indeed, so I will decide whether that is my favourite when it is completed.<br /><br />On viewing this series again, after watching the 2006 version, I have decided that this version with Timothy Dalton and Zelah Clark is the best! Charlotte Bronte's dialogue is preserved and this is essential to the power of the story. Modernisation just doesn't work - it's a Victorian story and having archaic poetic speech suits the characters. This version has an excellent cast - Zelah Clark is tiny and the difference in height between her and Rochester is important; Timothy Dalton has real presence and is an amazing actor. There are no extra scenes to divert from the plot and the screenplay includes all the essential scenes, but leaves out unnecessary details, making it to the point and gripping. I recommend it to all true Jane Eyre fans.",pos
"I am a big fan of cinema verite and saw this movie because I heard how interesting it was. I can honestly say it was very interesting indeed. The two lead actors are awesome, the film isn't ever boring, and the concept behind it (though obviously inspired by the Columbine killings and the home movies of the killers) is really interesting. There are some weaknesses, such as the final 20 minutes which really detracts from the realism seen in the first hour or so and the ending really doesn't make any sense at all. The shaky camera sometimes can be a distraction, but in cinema verite that is a given. But I still think the movie is very well done and the director Ben Coccio deserves some credit.",neg
"Rated E(Contains Violence).<br /><br />I had the original spiderman game for the PC for a couple of years now.I still have not beaten it because on Windows XP there is a glitch on one level which I cant beat because of it.So be warned if you have XP.But for those who don't have XP give this game a try.Its a fun clean family game with action and its great for any spiderman fan.In the game you play spiderman and you take on various criminals who commit crimes.Spiderman is a fun little game and I recommend it to any spiderman fan or a parent wanting a fun,clean game for their kids.<br /><br />8/10",pos
"I really like this movie because in Australia, Chinese movies like these never get shown during prime time. I must say this is one of the best serious movies ever, which outlines the difference between the Hong Kong people, and mainland Chinese. It really shows that there's discomfort between the two, but can only get better as HK are learning Mandarin. It also showed me how in mainland China the indie rock scene exists, and that Chinese people do know how to strum the guitar and get the house funking! Whoever said China isn't ready for rock music? Daniel Wu is absolutely superb, with his clean and crisp voice, honest acting, and a total chick magnet. I recommend this movie to those who don't know much about Asian people to cleanse themselves from the typical Western stereotypes, and people who just love Chinese/Asian cinema like myself. Check it out!",pos
"So I'm at home, flipping channels one night, and I come across this man wearing heels and makeup, standing in front of a colored background on HBO. Naturally, I did a double-take and decided I'd watch for a little while. I didn't change the channel until he was finished, it was so incredibly hilarious. The next time it was on, I made sure to tape it so I could watch it over and over again, and it has remained one of my favorite things to watch. During the first couple of minutes, you can tell that the audience isn't quite sure what to think, but he quickly wins them over with his incredible humor and wit. While many stand-up comedians mesh together in my brain, Eddie Izzard stands out as one of the best. His style is incredibly refreshing, and it is nice to hear jokes about things like history and puberty when most comedians stick to current events. His show stayed with me afterwards. I went to Italy over the summer, and all I could think about while I was there was how ""Italians are always on scooters going 'CIAO...'"" 10 out of 10. See it. You won't regret it.",pos
"This film is more about how children make sense of the world around them, and how they (and we) use myth to make sense of it all. I think it's been misperceived, everyone going in expecting a stalkfest won't enjoy it but if you want a deeper story, it's here.......",pos
"I should have trusted my instincts better: No expectations - no disappointments. Instead, however, I expected to experience a similar masterpiece like Koyaanisqatsi (1983) and was brutally disappointed. Powaqqatsi is in my humble opinion nothing but a cheap attempt to cash in on the cult success of its predecessor, and - artistically - it fails miserably. It appears some producer gathered up leftover material from Koyaanisqatsi, hurriedly threw it together, placed everything in slow motion and got some pop entertainer under the pseudonym of Philip Glass to hurriedly throw together some banal background music, which is incessantly repeated. Where Koyaanisqatsi entertains the viewer with clever fast and slow motion changes, Powaqqatsi is one long sequence of mundane images in slow-motion (if you view them on your VCR in fast preview mode, you'll see what I mean). What disappointed me the most, however, was Philip Glass's soundtrack. I couldn't - and still can't - believe that these commercial-sounding New Age type drones, which could easily have been composed in one afternoon by any 14-year-old on a Casio calculator, were from the same composer who so brilliantly composed the emotional and perfectly-synchronized music for Koyaanisqatsi. All in all, a big waste of time! My advice: Forget commercialism! Watch Koyaanisqatsi again instead!",neg
"Maléfique is a very interesting movie. It is an unholy alloy of triumphs and failures. The central concept is great, three inmates with bizarre personalities are joined by a fourth (who the audience identify with) and they try to escape from their cell using a book of magic that they find within the walls of the cell.<br /><br />The atmosphere is well-woven, it reminds me of reading about the prison stay of Edmond Dantes' in the Château d'If (prior to becoming the Count of Monte Cristo). The director sets up the feeling that the characters are tied to the cell, particularly the character we are meant to identify with (Carrère - a white-collar criminal whose crime is not specified, but it's obliquely suggested might be fraud). On one occasion Carrère dithers when leaving the cell for exercise and has the cell door shut on him; we never leave the cell, the claustrophobia is unbroken. There are also no shots of the prison outside the cell, and the view through the bars is a longing sunset over a generic prison wall. So even though the film appears to be very modern, it has a very old world feel of incarceration.<br /><br />The characters are intriguing. We have Marcus, a violent pre-op transsexual who plays an abusive mother to Pâquerette (French for Daisy) a heavily retarded young man. Pâquerette likes to eat everything he finds beautiful, and unfortunately this included his baby sister, hence his current predicament (I like this comment on internalisation, very primitive). Lasalle is a withdrawn, possessed elderly man, in for brutally murdering his wife.<br /><br />The central message of the movie is that your desires will annihilate you, and there's a ritual that goes with that. I think that's what disturbs me the most, seeing people destroying themselves ritualistically. It has a real life ring to it. The quite simple soundtrack backs this up well, every step deeper into the quicksand is accompanied by the dull ringing of a gong. I'm actually hearing the gong now every time I do something self-destructive.<br /><br />I think one of the plot problems is that the ends of the characters don't really reinforce the message consistently, particularly with Carrère, also the concept of the book seems to alter throughout the film, not in terms of a successive revelation either. I also think that some of the images we see are a bit amateurish, more by design than execution, such as the famous ""vagina eye"", and the sodomy of Lasalle, for me, totally hollow images.<br /><br />At the end the movie it feels like the director is in a rush to get it over with, and some things don't seem logical, for example we've been clumsily led to believe different things about Carrère's child. This doesn't change the fact though that what we have here is that rare bird, a ""pure"" horror movie. There is no comedic dross or genre segueing, like Cube (1997/Natali), the obvious movie to compare it to, it's a total immersion experience, where you feel as if you are in the cell with the characters. This last comment I make about it being a ""pure"" experience I think is something others have mentioned as well so that is a fairly unanimous point.<br /><br />On a personal note my favourite part of the film is when Lasalle talks about his past as a librarian. He very vividly describes a scene where he goes to work one day and sits down in his usual place in the centre of a room where all the books are arranged in a circle around him. The books seem to be chanting to him that he will never contain their knowledge. This prompts Lasalle to go insane. That really is the problem with an obsession with understanding and knowledge. It's something I myself have felt.<br /><br />One final comment is that two of the quite well-received comments on the board have confused the characters' names. To convince yourself that Lasalle is the older librarian character, simply click on Philippe Laudenbach's page and you will see he was born in 1936.",pos
"There's a lot of good that can be said for this cartoon; the backgrounds are rich, lushly colored and full of nicely done art deco details. The animation is up to the usual studio standards of the time, which are unquestionably higher than those of the present day. However, I find it tedious for a number of reasons.<br /><br />The Music: It's definitely not up to Scott Bradley's usual standards. Although it's probably supposed to be evocative of a ""Great Gatsby"" setting, it ends up being dreary, sleepy, repetitious AND monotonous (repetitious and monotonous are not the same, as Beethoven's 5th Symphony attests). Since most people (including me) tend to close their eyes when they yawn, there's a lot of the visual part of the cartoon that will be missed by the average viewer.<br /><br />The Storyline: I'm not giving away any secrets that aren't already in the plot summary - country good, city bad. This is a common theme in films, both animated and live, from this era. It's a misplaced nostalgia for a nonexistent rural idyll, which, in the present day, is reflected in a similar nostalgia for ""values"" that never were.",pos
"SPOILER: The young lover, Jed, is kicked out by the spinster, Kate (Andie McDowell), because she wrongly believes that Jed is having an affair with one of her two catty girlfriends. Kate thought she caught them en flagrante delicto. Kate throws Jed's shoes out the door. Jed reluctantly leaves, and then sits in the middle of the road to put his shoes on. Then he gets run over (""Crushed"", one of the meaning of the title) by a truck. And dies.<br /><br />""And then he gets run over by a truck."" Can you imagine a screenwriter actually submitting a script with this plot element? Up to then, its a comedy that intends to be frothy, but lacks any real fizz. Everybody but Jed is just annoying. And then they kill Jed, and everybody's sad, until the end where the gals learn to love one another and be supportive, instead of destructive. I give it 2 ugh's.",neg
"I was pretty young when this came out in the US, but I recorded it from TV and watched it over and over again until I had the whole thing memorized. To this day I still catch myself quoting it. The show itself was hilarious and had many famous characters, from Frank Sinatra, to Sylvester Stallone, to Mr. T. The voices were great, and sounded just like the characters they were portraying. The puppets were also well done, although a little creepy. I was surprised to find out just recently that it was written by Rob Grant and Doug Naylor of Red Dwarf, a show that I also enjoy very much. Like another person had written in a comment earlier, I too was robbed of this great show by a ""friend"" who borrowed it and never returned it. I sure wish there was enough demand for this show to warrant a DVD release, but I don't think enough people have heard of it. Oh well, maybe I'll try e-bay...",pos
"Yes it may be goofy and may not seem as funny as many high budget comedies out there, but this movie is truly hilarious if you really watch it. Tim Meadows has always struck me as being funny off of the Saturday Night Live show. Whenever he would do this character on the show I would crack up laughing. So after I saw this was going to be playing on Comedy Central one night I decided to check it out. All in all I was farily impressed with this movie, because it wasn't meant to win any Oscars or become comedy of the year, but it did entertain the Saturday Night Live fans that love the Ladies Man character. This movie is also packed with some highly quotable lines that can be recited for years to come.",pos
"I just watched this movie today and not only is it, terrible and awful but it looks like the director just got a few friends together to make a movie about a sick man. I also think that this movie has the look of a porn video with it's clear crisp just filmed view.<br /><br />Thank heavens I work in a video store and I didn't have to pay for it cause this movie is crap x infinity..DO NOT BUY OR RENT THIS MOVIE!!!!! You'd have a better time watching Dude Where's My Car than this piece of crap! And that's not saying a lot for that movie either.<br /><br />The acting is lousy and the movie is just very unwatchable. I was watching this movie and I wanted to kill myself during and after the movie.<br /><br />I walked home and threw up after watching this piece of dirt movie, I then took a shower and burnt my clothes. <br /><br />If I had half a mind I would of took the movie outside and burned it too cause no one should be subjected to it...well maybe members of Al Queda..especially the ones we have in custody and also child rapists who are in prison on life sentences with out parole....just make a set up like a clock work Orange, And then force these cheese head to watch it over and over again.",neg
"This is a typical low budget 1970's mess. It's supposed to be a docudrama about a crew hunting Bigfoot through the Pacific Northwest. Every character is a stereotype, from the Native American to the cynical cowboy. The acting and narration are a complete joke. If you're hoping to see a lot of bigfoot footage - keep hoping. There won't be much, and what there is you could do in your backyard with a cheap costume and a camcorder; it would look better than this movie.<br /><br />It's not that I don't like 1970's low budge fare; I do. It's that this is such a mess of bad acting, bad characters, lousy story and no thrills that you just can't enjoy it. It does not fit into the ""so bad it's good"" category, nor can you get a laugh out of how bad it is without the help of illicit substances. It's mostly a lot of boring footage of the people camping, hiking, riding horses, and watching wild life. There is a bigfoot attack which is completely stupid; supposedly our friend Sasquatch is throwing rocks down on the campers from above while they fire their rifles back at him. By that point you are rooting heavily for bigfoot to drops some rocks on the filmmaker's heads and stop the whole thing.",neg
"Despite Louis B. Mayer reportedly not being interested in signing the young Greta Garbo to a contract, this first American and MGM film for the actress looked quite beautiful. It's obvious that the film was assigned some amazing talent to film the production and make matte paintings, as it has all the nice polish and artfulness you'd expect from the best pictures the studio could produce. It simply looks beautiful--even 84 years later.<br /><br />As for Garbo herself, like her other very early American films she, too, looks different. While she's quite recognizable, her makeup is much softer than it would become just a year later--giving her a less severe look and a gentleness about her you just didn't see in subsequent films. I kind of wish they'd kept this look, but considering how famous she'd become with the trademark look, who am I to say they shouldn't have gone that route?! The film is about Garbo and how she and her family are unfairly forced off their land by the landlord. While the landlady, the much esteemed Doña Bernarda, claims it's because the bank has demanded payment, it's because her son has fallen for Garbo--and what better way to get rid of her than to force them out on the streets! Nice lady, huh?! Years pass and by now Garbo has become a new singing sensation who is world-famous. When she returns to her hometown years later, her old boyfriend (who HAD promised to marry her but wimped out when his mother, Doña Bernarda, refused to allow it) sees her. His new love for another lady is now tested--will he be content to marry this lady who is the heir to a huge pig fortune or will he want his old flame? And, more importantly, will Garbo even take him back after he behaved so spinelessly? In the meantime, a huge rainstorm hits. The land begins to flood and homes soon are being washed away by the deluge. Cortez and a friend make a mad dash as the dam breaks! In a scene where they obviously superimposed his row boat over the cascading stream, he eventually makes it out alive and to the home where Garbo is now staying. She welcomes them inside and they stay with her until the storm passes. Then, he admits that he still loves her and had braved the storm to make sure that she was safe. She tells him to get lost! Next, you see Ricardo about to get married to his second choice, the daughter of the Pork King. He obviously has little enthusiasm for this--and you feel sorry for the lady, as she did nothing wrong. Soon, Cortez is seen wandering back to Garbo's home--he's love-sick and needs her. In this scene, Garbo is quite luminous and can't tell him to leave--as they dissolve in each other's arms. Once again, he tells her of his love for her.<br /><br />When Doña Bernarda learns of this, she is not pleased. Evidently, a Pork Queen is a better catch than an internationally known singer. Because of the meddling of this nasty old lady, Garbo leaves--unwilling to come between the mother and her wimpy son. But, Cortez comes running--announcing he MUST have her and won't rest until he has her as his wife. Moments after making this proclamation, a family friend talks to Cortez and convinces him to give her up for the good of his career and reputation. So much for ""won't rest until he has her for his wife"", huh?! Despite Cortez being a wimp through and through, for some reason she cannot bring herself to hate him. And so, he marries the Pork Queen and lives a very dull life. When years later Garbo meets Cortez again, he is a dull looking middle-aged man--while she is as beautiful as ever. And, not surprisingly, she tells him, once again, to get lost.<br /><br />At the time this film was made, Garbo was not a star in the US and Cortez was. So, in light of this, it's surprising they gave Cortez such an unlikable character to play. Instead of the usual confident Valentino-like role they'd been giving him, here he is an indecisive wimp--a HUGE wimp. And, from here on, his career was on a slow downward spiral. As for Garbo, the role helped establish her as a big star--as she was THE focus of the film and played a character much like her later personas.<br /><br />As for the film, the new music composed for it was very nice, though a tad repetitive. The print, oddly, was nearly perfect throughout except for the intertitle cards--which could use some restoration.<br /><br />A most enjoyable film--expertly constructed, wistful and worth seeing. And, for one of the few times I can think of it, I have no real complaints in this excellent film.",pos
"This film was not nearly as much of a chore as I expected it to be. There are a few seconds of brilliance in this somewhat idiotic hardcore UFO conspiracy paranoia-fest. Most of the acting is mediocre, but fairly typical for 1970s-style stuff replete with pregnant pauses. A photographer and a model witness some strange goings-on in the woods and soon fall victim to these same goings-on. Flying saucers are spotted, more people disappear - but is it the aliens or our own government's ultra-secret group of cover-up guys? Soon enough, a reporter and a ""UFOlogist"" (apparently modeled on the character of the writer-director) are drawn into this unraveling fiasco and become the target of the ultra-secret agents who are as menacing as they are improbable and witless. Then the fun really begins.<br /><br />The movie, predictably, makes about as much sense as the average UFO conspiracy theory, but should be commended for taking itself so seriously. The camera work is OK for a low-budget film, the pacing is pretty good, the script is silly and absurd, and there are continuity issues which are fun to look out for. What are the few seconds of brilliance I mentioned? Honestly, I can't say much you without writing a spoiler. Suffice to say that the end of the film is, at least, worth fast-forwarding to if you can't take the middle.",neg
"this was the most costly film, when produced. Sir Alexander Korda and H.G. Wells were both distressed by its poor ratings---for good reason. it was and remains far ahead of its time. aside from the seemingly poor direction, probably editing, at the very beginning, the work moves along to a stunning conclusion.<br /><br />whether its Sir Ralph Richardson's 'Boss' role, or even better, his wife's, Sir Cedric's, as adversary to space-faring, Raymond Massey's 'John Cabal' center role---all deliver mind-boggling performances.<br /><br />the scene with mr. Korda's incomparable set, of the small girl-child, running out to an absolutely 'never-to-be-matched' scene, commenting 'Life just keeps getting lovelier and lovelier'? that swiftly brings tears to any parent/grandparent. this is not a film for the young--unless 'experienced' and rather those who have seen 'the horror' it opposes.<br /><br />sure, the 'phony-parachuting', looks hokey---while using a 'magnetic-cannon', now termed 'mass-driver' may be viewed as ridiculous, vs. rockets---give Sir Korda a break--Mr. Wells made that choice. and at +/- $8 million, this film went way beyond 'over-budget'---so he concentrated on what he could manage.<br /><br />the true power of this Greatest of cinema rests in 'John Cabal's' final statement of human destiny---his friend 'Passworthy' doubts the wisdom of space-faring, saying, 'We're such little animals.' John Cabal's proper response is,(paraphrased) 'Yes, little animals, and if that is all we are, we must live and die as such.' they are standing under a large astronomical telescope. he sweeps his hand over the night sky. 'Yet we may have all the Universe, or nothing.'---then the final chorus breaks in---'Which shall it be?'---this is not 'Star Wars', 'Blade Runner'---anything you may consider 'Great'---this is the Real Thing.<br /><br />i remind all of Steven Hawking's most recent address, upon his latest 'Medal of Honor'---'Humanity must leave Earth, or die.'---the very core of this work---i love 'standard entertainment'---yet this 'relic', for the wise viewer, offers far more. 'Which Shall It Be?' be in the proper 'mood'---whatever that takes---this will take your breath away---i 'guarontee'---overall, for humanity? the most significant of cinema. <br /><br />since posting, i note many have commented on the poor 'media-quality' of 'surviving' examples. in the 80's i developed a 'proprietary' 'colorization' process which required a 'clean' original. this led me to Michael Korda, who sadly noted all were gone---so we must relish what remains---'sad but true?'",neg
"I went to see Fever Pitch with my Mom, and I can say that we both loved it. It wasn't the typical romantic comedy where someone is pining for the other, and blah blah blah... You weren't waiting for the climatic first kiss or for them to finally get together. It was more real, because you saw them through the relationship, rather than the whole movie be about them getting together. People could actually relate to the film, because it didn't seem like extraordinary circumstances, or impossible situations. It was really funny, and I think it was Jimmy Fallon's best performance. All in all... I would definitely recommend it!",pos
"Assuming this won't end up a straight-to-video release, I would have to say void this title at all costs. Unless you're bored of good, well-executed movies, that is. I saw this last night at AFI Dallas, and I left with 20 minutes remaining, simply because I didn't care anymore (about the plot, not about insulting the director...that is awkward). When you can spot a goof only 5 minutes into the movie (a shot out, shattered window before any shots are fired...and then the window breaks with the first shot), things are going to bad. Let's just say this is only an indicator of things to come...unfortunately.<br /><br />I'll spare you all the details, but this is sub-par in every manner, even the half-assed acting by Michael Madsen is disappointing when you're expecting half-assed acting from him. And the rape scene...Christ! ""Shut up and take it"" should never be used in a rape scene. EVER.<br /><br />3/10",neg
"As an impressionable 10 year old, I liked the ""love conquers all"" philosophy of the 70s sitcom ""Bridget Loves Bernie."" I did understand the controversy, which was about the romantic complications between a Jewish cab driver (David Birney) and an Irish Catholic school teacher (Meredith Baxter) and both sets of parents (Harold J. Stone and Bibi Osterwald as Bernie's parents; Audra Lindley and David Doyle as Bridget's parents) who have issues with the young couple's interfaith marriage.<br /><br />Looking at the show now with years of personal life experiences, I am amazed that the show was even a success for one, albeit, highly-rated season. Created by veteran TV writer Bernard Slade, who a few years after the show's cancellation would write the successful play ""Same Time, Next Year"", ""Bridget Loves Bernie"" was a very light, superficial comedy that collapsed under its own airy weight.<br /><br />There was no denying the real-life chemistry between Birney and Baxter. But, in later years, both actors have shown that they are better actors in other projects (Birney in his short-lived role in ""St. Elsewhere"" and Baxter in ""Family"" and ""Family Ties""). Here, they were trying to breathe life in a show that needed a much gritter comic edge, which might have given the complications more depth to a very controversial subject.<br /><br />The show aired Saturday nights between two CBS powerhouses: ""All in the Family"" and ""Mary Tyler Moore"". Both of those shows were smart, funny and had enough of an edge (more so on the former that the latter) that kept my interest in the situation and the characters. ""Bridget Loves Bernie"" was not very smart and only had some occasional chuckles.<br /><br />This was another example of a show that really was not as good as I remembered.",pos
"In ""Brave New Girl,"" Holly comes from a small town in Texas, sings ""The Yellow Rose of Texas"" at a local competition, and gets admitted to a prestigious arts college in Philadelphia. From there the movie grows into a colorful story of friendship and loyalty. I loved this movie. It was full of great singing and acting and characters that kept it moving at a very nice pace. The acting was, of course, wonderful. Virginia Madsen and Lindsey Haun were outstanding, as well as Nick Roth The camera work was really done well and I was very pleased with the end (It seems a sequel could be in the making). Kudos to the director and all others that participated on this production. Quite a gem in the film archives.",pos
"I remember Parker Posey on ""As The World Turns"" before she became the Queen of the Independent movies. In this film, Posey shows her potential as a top fledged actress. In this film with supporting cast that includes Omar Townsend as Moustafa, a Lebanese immigrant who works as a falafel salesman on the street, who aspires to become a teacher. The supporting cast features a wonderful actress who plays her godmother and only family relative as Judy, the librarian who is old fashioned, dedicated and menopausal. Posey as Mary learns that she has to grow up and mature. Losing her librarian clerk position makes her realize how much she misses it as a place in her life. Mary's life is surrounded by friends in the Lower East Side Village of New York City before it became gentrified with yuppies. This film is quite good for an independent and I have come to enjoy Parker Posey as Mary as well as other characters in other films.",pos
"Even worse than the worst David Lynch ""confusathon"", ""Brain Dead"" makes no sense whatsoever. Shamefully wasted talent (Bill Pullman, Bill Paxton), bounce around like they are in a ""Tom and Jerry"" cartoon on acid. There is negligible character development. It simply starts climbing the ""strange scale"", until climaxing in total chaos. Do not get sucked into this because of the above fine actors. They are given nothing to work with, and you will be wondering what's going on throughout the entire, unbearable 85 minutes. I highly recommend avoiding ""Brain Dead"" at all costs, unless you are into scattering your brain into total nonsense. - MERK",neg
"Going into a movie like I this, I was expecting absolutely nothing entertaining except for a whorde of kills.....what I got was even less.<br /><br />Christmas eve 1947 a kid witnesses his parents doing it while daddy is in a santa suit. Horrified, he runs up the stairs and cuts himself. The story begins 33 years later and Harry Stalling is your normal everyday joe.....cept for the fact he's obsessed with Santa. After his boss makes fun of him he goes insane, dressing up like santa and starts killing non-santa believing patrons and his boss. An unruly neighborhood catches up to him and just as they're about to torch him, he drives his van off a cliff.....into the moon. Not the best ending I've seen but it was original.<br /><br />It was a slow paced, boring movie that really had no redeeming quality except when Harry went apeshyt on the church goers. There was hardly any gore and even the ""sex"" scenes were toned down.<br /><br />Too boring......4 out of 10",neg
"Based on a true story of how a man ahead of his time - the great 19th century American poet and humanist Walt Whitman - made a significant contribution to how western medicine treats people with psychological problems.<br /><br />Interested in the treatment of people with psychological problems, he began to associate with psychiatric workers and patients. After seeing the psychological methods of the time (inhumane and ignorantly cruel methods), Walt rejected those methods, and treated patients with compassion and dignity, encouraging other people to do the same> The story of Walt's interactions with psychiatric workers, patients and townsfolk is full of drama, good humor and wisdom. : )",pos
"I first saw this movie when it was released in the U.S. in 1984. I have seen it many, many times since. What strikes me about the film is the incorporation of the art of the rehearsal into the lives of the characters and visa versa. Throughout the movie the two intertwine and at times one is never too sure if one is watching the lives of the characters or a scene from a rehearsal. This continues up to the climax of the film. All these years later my friends and I still love to debate whether or not ""Carmen"" is really stabbed at the end. From the reactions of the other characters, to the stylized murder, it is open to debate. The passion of the dance, the quality of the acting, the love of art, and the brilliance of the performances all combine to create a superb movie that, once again, blends and twists the line between life and art.",pos
"An absorbing (although repetitive and rather didactic) analysis of exploitation and despair in a situation where there is no way forward or up, where the attempts to make yourself feel better by violating and putting down whoever is below you seems to be the only option. But even here, in this desolate wasteland of lost dreams and no future, that does not work, and reaching out to something or someone to comfort and share with, a simple act of charity, gives some reward, even if it just makes the present bearable by reviving memories of the past.<br /><br />Although there is little actual on screen violence, this is a harsh and brutal film about the small mindedness of oppression (politically and personally) that does not make for easy entertainment. Clearly based on a play, with a small cast, a broader more expansive relation to the general social and political environment would possibly have helped the film to reach a wider audience.",pos
"This is a typical late Universal Horror flick: its technically comptent, if by the numbers, with a cookie cutter plot and some serious overacting. The most interesting part of this film is its stunt casting of Rondo Hatton, a man with a bone disease as the film's ""monster"". Its sad to see this man exploited, but he probably made good use of the money they paid him. Hatton is less horrifying than the studio hoped, as I more often felt pity over fear or even loathing. Martin Koslack is on board as the film's mad artist, and he is very amusing in this part. I for one enjoy seeing Koslack in just about anything; for some reason the man amuses me. The only other part of the film that entertained me is the film's absurd take on the art world. Here we are shown evil art critics who revel in their ability to break artists; this is side by side with the film's male ""hero"" who is an ""artist"" who paints...get this...pin up girls. Somehow our hero's work is reviewed side by side with the villan's absurdist sculpture. Also amusing is the film's chief nasty critic, who at one point claims that he despises the hero's pin up art because ""women like that don't exist"" to which our heroine replies with an assurance that the critic just doesn't get out enough. Finally, there's a bit of a subplot about the heroine's (who is an art critic herself) domestication by the leading man....completely anti-feminist and ridiculous to witness. Overall this film is a rather mediocre picture with a few amusing elements.",neg
This film surprised me a little. I watch a lot of horror/sci-fi films and this is a straight-to-video release that caught me off guard a little. I believe this is Full Moon's best movie thus far and one of Jeffrey Combs best performances. Good movie.,pos
"Does anyone know the exact quote about ""time and love"" by George Ede aka, Father Fitzpatrick in the move, It had to be you? He was talking to Charlie and Annna in the church as they were leaving? If not I will have to rent the movie. This was a great movie. I also loved Serendipity! Great love story for the soul! <br /><br />I met my one true love (my Soulmate) and although I had the experience to meet him when I had least expecting it, I wasn't ready for that kind of emotional relationship. <br /><br />Altho, we did marry, I wasn't mature enough to give as much as I thought I would. I got complacent and took his love for granted and he withstood it for 7 years. <br /><br />He finally left with resentment but we are still hurt and angry & in disbelief about the way it turned out. I had some very hard lessons to learn and we have now been apart 3 years.<br /><br />This movie meant a lot because I am still waiting on reconciling with my one and only true love. I can NOW appreciate that distinct feeling inside of me and the quote of Father Fitzpatrick rang true for me.<br /><br />I know when he has healed enough to trust me again, we will remarry.<br /><br />Don't EVER GET COMPLACENT AND TAKE TRUE LOVE FOR GRANTED! IT HAS BEEN THE HARDEST LESSON OF MY LIFE. <br /><br />Also the music in this movie is OUTSTANDING and MEANINGFUL! This movie is DEEP and spiritually uplifting. TRUE LOVE is worth waiting for, if it is meant to be, it will, no matter what, IT WILL HAPPEN! Nothing is impossible, even when it's the second time around! Thanks!",pos
"Ouch! They don't come much worse than this horrid adaptation of C. S. Lewis's beloved novel. While the adaptation is very true to the novel, the acting is simply awful and the sets and special effects are on a scale equivalent to a school play. I've read that the budget for this miniseries was the grandest that the BBC has ever given at the time, but surely they could have scraped together a bit more than the $2 that it looks like this was filmed for. The worst effect of all is Mr. Beaver. I know computer effects weren't at the level necessary or even cost effective at the time, but the costume store man in a suit look was horrid. Better to have just cut the character from the film than do that to the role! Avoid this at all costs.",neg
"This is a fantastic series first and foremost. It is very well done and very interesting. As a huge WWII buff, I had learned a lot before seeing this series. One of the best things this has going for it is all the interviews with past individuals back when the war was relatively fresh in their minds, comparatively speaking that is. It is nothing against the men that you see getting interviewed in the programs of today, it is just that most of these men weren't really involved in the upper echelons of what was happening then. One of the best parts is the narrating by Sir Laurence Oliver. I would recommend this to anyone that wants to learn about WWII, but really think only the die-hards (such as myself) will want to buy this or watch it more than once. My only real complaint about this entire series is that some of the facts aren't quite as accurate as we now know. Especially with the information about Soviet Union is exaggerated or just plain inaccurate in places. That information is now different we now know because of the fall of the USSR. Overall a fascinating look at WWII and a must see for any serious WWII historian professional or personal alike.",pos
"A bunch of women who can't act sit around, talk, smoke pot. They have another woman in a wheelchair they hide because she is deformed, and occasionally they kill some one to feed this person human flesh that really looks like some store-bought ham which they dressed up by sticking on a few plastic fingers. We don't see them killing anyone, suddenly there is a body on the floor, covered by a bloodied sheet. I can't eat Spam cover by a sheet anymore because of this. Just the thought of Spam cover by a sheet is enough to induce the same narcoleptic fit brought on by trying to get through all of this movie. Occasionally there are randomly inserted scenes of a guy who is ""hunting"" them by way of torturing some guy he strapped to a chair is his basement. Why he caught this guy and how he is connected to the Sit-On-The-Couch Sisters is never explained. There are also scenes of some ""superhuman"" guy freaking out. He p***es blood and punches through a wall, but who he is or what is wrong with him is neither explained nor even tied in to the story.<br /><br />There is no action, no special effects, no story. If you want to watch some boring people talk in a profound way about nothing while sitting around and eating ham and smoking, then here's 90 minutes of that, because, except for a scene where one chick does some hooking on a street corner and the aformentioned random scenes, absolutely NOTHING happens. (YAWN) Oh, I almost forgot, you get to see them move some stuff, including the deformed sister, when they move to their new apartment. Its one of the few times they're not sitting on a couch or lying in bed.",neg
Probably the worst Dolph film ever. There's nothing you'd want or expect here. Don't waste your time. Dolph plays a miserable cop with no interests in life. His brother gets killed and Dolph tries to figure things out. The character is just plain stupid and stumbles around aimlessly. Pointless.,neg
"The title sequence shows the credits written on a rain-soaked sidewalk as people trod on it; music is provided by someone whistling Alfred Newman's ""Street Scene."" Then we meet Det. Sgt. Mark Dixon (Dana Andrews), who always wanted to be something his old man wasn't: a guy on the right side of the law. But he's pretty vicious for a good guy. After several complaints over his roughing people up, his boss, Insp. Nicholas Foley (Robert F. Simon), demotes him. Foley tells him he's a good man, but needs to get his head on straight and be more like Det. Lt. Thomas (Karl Malden), who has just gotten a promotion.<br /><br />Meanwhile, Tommy Scalise (Gary Merrill, in a splendidly slimy performance) has an illegal dice game going and is looking to make a sucker out of the rich Ted Morrison (Harry Von Zell), who was brought in by Ken Paine (Craig Stevens) and his beautiful wife Morgan (Gene Tierney). She figures out too late her husband is using her as a decoy, and Paine strikes her when she refuses to play along. The chivalrous Morrison intervenes but Paine knocks him out cold. That seems to be the worst of it, but later it turns out the guy is dead; and Paine looks guilty.<br /><br />But this won't be Paine's story. Soon Dixon has fallen in love with Morganbut not before losing his temper again and committing a terrible deed that he tries to cover up. Morgan's father, a tale-spinning taxi driver (Tom Tully), may take the rap for it. It's up to Dixon to try to pin the blame on Scalise.<br /><br />Otto Preminger directs a script credited to Ben Hecht and three others from the novel ""Night Cry"" by William L. Stuart. This is a solid film noir with excellent performances and all the shadowy photography and murky morality we expect from this genre. It holds up until the brightly lit ending, which looks like something the studio had filmed to appease the censors. Of course, the classic noir directed by Preminger and starring Andrews and Tierney is ""Laura."" You'll enjoy this, but you can't miss that.",pos
"It is one of the better Indian movies I have seen lately, instead of crappy song and dance or slum dog movies. All the actors have showed the right emotions at the right intensity with right timing. It is the hallmark of a good movie, that it make the viewer go back and research the subject, which exactly what I did checking on Harilal. I always enjoy Akshay Khanna's subtle style of acting and interestingly he had rather a complicated relationship with his own father Vinod Khanna, albeit not as dramatic as Gandhis and wonder how it helped him essay this character. I was impressed by the direction and 2 thumbs up for Anil Kapoor for producing such a classy movie.",pos
i must say this movie is truly amazing and heartwarming. Reese Witherspoon is so charming and Jason London's not so bad either! it is so sweet watching Dani fall in love and it breaks my heart and yet warms my heart at the same time watching Court fall in love with Maureen. however it is even sweeter watching how much he cares for Dani. I must admit though i did kind of want him to fall for Dani in the end. it is just so cute watching her fall for him i did not want her to get her heart broken so badly. but the biggest tragedy i have ever seen occurred in this movie. watching him die made me cry for a whole day. i just could not believe it. however never a more loving relationship has been shown in a movie then Maureen and Dani. they really can make it through anything. i am giving this movie a 9 because i didn't want Court to die but it was still one of the most amazing movies i have ever seen.,pos
"When I was 11, Grease 2 was like crack. It was a classless, shameful, euphoric, and powerfully addictive experience. My sister and I would watch it, rewind it, and watch it over again and again and again until we passed out or became too confused and hostile to stand one another. So, if you are an 11-year old girl, and you reviewed this film as ""brilliant"" or ""fun"" or ""better than the original Grease,"" you have your fledgling adolescent hormones to blame and you can rest assured that this unyielding fixation with utter rubbish will pass.<br /><br />If, however, you are not a little girl, you have absolutely no excuse to suggest that Grease 2 was anything but an inane, artless, slipshod embarrassment for all who participated in its production, distribution, and/or consumption.<br /><br />For the sake of criticism, I will dignify the film now by explaining why it blows <br /><br />1. In a well-executed musical, the songs should advance the narrative or develop the characters. In Grease 2, with a few debatable exceptions, to the music is obscenely pointless. Most of the songs appear to relate gimped innuendo about sex in an excessive and general way (""Score Tonight,"" ""Reproduction,"" ""Do It For Our Country,"" and ""Prowlin'"") without making one concrete statement about any of the film's characters or themes. Plus, all of the music is uncomfortably stupid and no one in the cast demonstrates even the crudest semblance of an ability to sing or dance.<br /><br />2. The T-birds should be badass, and if not at least somewhat likable, but instead each of them is an annoying wussy-dufus-loser. In the end, when Johnny Nogerelli offers Michael the sacred T-bird jacket and initiates him into the gang, Michael should kick it to the ground, spit on it, and duck away to fervently scrub any part of his body that was touched by it. But of course, he accepts it as if it is gold because despite the fact that they are a bunch of bumbling meatheads, there is no greater honor than to be one with the T-birds. <br /><br />3. Since Michael is beautiful, smart, kind, resourceful, and above average in everyway (his musical impotence notwithstanding), it is feasible that Stephanie would ultimately embrace him when he reveals himself to be the man behind the mask. Stephanie, on the other hand, is a slovenly, slack-jawed, bubble gum smacking, dirty sweatshirt wearing, gracelessly rude and trashy dingbat. So aside from being pretty (I guess), she harbors no likable characteristics, thus, audiences are given no justification whatsoever for the depth of Michael's attraction to her.<br /><br />I could go on and on, but I didn't want to mention the gross inferiority to its predecessor since there are apparently so many cranks out there who seem to feel that such a comparison is unfair. I will say this though, to those of you who think you want to revisit this mess for old time's sake: Grease 2 is an experience akin to re-living your first kiss. Only you are 32 now and kissing a snot-nosed 13-year old kid with acne and slobby braces. The magic is gone and you are left feeling dirty and disturbed. Trust me.",neg
"Every child experiences trauma growing up and every child's active imagination has gotten the best of them, but for Jake (Anthony De Marco  of the forthcoming Clint Eastwood film CHANGELING - who resembles Henry Thomas circa 1982) the combination may prove deadly. <br /><br />A lonely six year old whose imagination kicks into high gear when he is crestfallen to learn his quarrelling parents Peter (Sean Bridgers, late of ""DEADWOOD"") and Jules (Brooke Bloom, ""CBS: Miami"") suddenly decide to divorce, leaving him to his own devices and unleashing a new tenant  a zombie in his closet.<br /><br />Jake actually gets this seed planted while playing with neighborhood friend Dillon (Matthew Josten) who provides him with a print out off the internet of FAQ re: zombies. Jake is so convinced that one is out to get him  and his family  he begins to hatch a plan of action to protect them before it's too late.<br /><br />Indie newcomer Shelli Ryan  who wrote and directed  blends domestic drama with underlings of horror but the former (smartly) outweighs the latter, with a decent story buoyed by fine acting(De Marco is the rare breed of child actor where he is a CHILD and not 'acting' - all his nuances are very evident of the awkward, shy, introverted child that many can relate too (I certainly can). Bridgers makes his cheating husband empathetic in the realization he really loves his son while Bloom has the more difficult job of building sympathy as the somewhat lackadaisical mother who is quick to emotions over rationality  it doesn't help when Dillon's mother Ruth (Monette Magrath, who resembles Laura Dern) is constantly feeding her implied information driving a wedge between Jake and his dad. Magrath also has a tough task to make her manipulative character relatively likable but she proves to in a revealing scene that I won't go into detail but shows why she is the way she is (and more importantly how she has also affected her own child).<br /><br />The fillmmaker's subjective camera is also well employed (many angles shown form Jake's POV at waist-level or somewhat skewed; i.e. the upside down shot of Peter carrying his son in the same position while having some fun in the backyard), and the editing is relatively flawless. <br /><br />Ryan based the screenplay on personal experiences growing up and also witnessing first hand account of a friend going through the same situation and how the affects of adult relationships can be harmful if inflicting their fears, anger and stress onto their children. Here the film is very successful in getting its theme across.<br /><br />However the horror underpinnings are a little disjointed to say the least but the homage to George A. Romero's zombie films are shown lovingly by Ryan (Jake's mom is asleep in front of the TV as NIGHT OF THE LIVING DEAD unspools, causing his own belief of the undead to be in their home). The metaphor of a monster acting as surrogate to domestic abuse may be a bit heavy-handed but again, the child's fear of a thing under his bed is universal.",pos
"Love it, love it, love it! This is another absolutely superb performance from the Divine Miss M. From the beginning to the end, this is one big treat! Don't rent it- buy it now!",pos
"While this outing certainly doesn't live up to its predecessor, it does have more than its share of memorable moments. My personal favorite, just after laying waste to a city block with his ""Videodisc Cannon,"" we see a close up of Nimoy's face. As a single tear sheds from his left eye, we know at that point that Nimoy is more than just a killing machine. The viewer can't help but be pulled into his emotional turmoil and we understand that his previously flat affect was only a facade. Absolute brilliance!!! The sex scenes display a nice balance, carnal, but not pornographic. Afterwards, I felt I had a pretty good understanding of how to work the Magnavision Videodisc Player. Too bad they haven't produced them in over 25 years.",neg
"I'm a huge Randolph Scott fan, but this film is a dud. The whole thing has a canned, fake, soundstage feel to it, with truly awful rear-screen projection. It has a good plot idea that the screenwriter has successfully buried in a nitwit script, which makes it impossible for the audience to become immersed in the action and truly care about any of the characters. The directing is pedestrian, and only accentuates how bad the script is instead of helping to improve it. I've seen plenty of thoroughly enjoyable ""soundstage productions"" before, but this is not one of them. All it does is make you appreciate the gritty Scott/Boetticher films all the more.<br /><br />Randolph Scott is tanned, trim, and shines that million dollar smile throughout. He's always a pleasure...even in the worst of his films. Aside from Scott, the other main reason I wanted to see this movie was due to how much I enjoyed Ms. Wymore in Errol Flynn's movie, ""Rocky Mountian"". In ""Man Behind the Gun"", she is just as beautiful, and you can tell she's a good actress, but she was forced to say some pretty dumb lines, and the blocking she was given by the director was truly awful. I've only seen Phil Carey in ""Operation Pacific"", and he plays the exact same character here...an arrogant pain-in-the-butt you want to beat into unconsciousness. I guess it proves he's a good actor...he made me hate him. There are some lame attempts at comic relief that only detract from the film, in my opinion. Although there are many elements to knock, I must say that I found myself truly enjoying the two Spanish songs sung in the musical numbers...but that's not why we go to see Randolph Scott movies, right?<br /><br />There are definitely worse Scott films out there, and this one certainly isn't unbearable, but it also certainly couldn't be deemed anything beyond mediocre.",neg
"Incarcerated train robber near Yuma breaks free his chain-gang and heads for the retired sheriff responsible for killing his wife (as well as a hidden stash of gold which remains hidden thanks to the screenwriter). Attempt to bring the western genre up-to-date with 1970s-style violence and brutality isn't even in the same league as some of the new-fangled westerns which came out of the late-'60s. It is impossibly simple and square, with the female characters merely around as punching-bags and possible rape victims. As the former sheriff back in command, Charlton Heston gives one of his laziest, least-inspired performances ever (he has one good moment, attempting to read a letter and fumbling for his glasses). James Coburn, as the half-mad half-breed, is pretty much on auto-pilot as well, but Coburn has a way of turning even the hoariest dialogue and situations into something prickly and unnerving. It's his show all the way. *1/2 from ****",neg
"Adolf Hitler's maniacal desire to impose his will on the rest of the world is the subject of this second in a seven part series of films produced by the U.S. War Department as an instructional tool for new soldiers entering the Armed Forces during World War II. Hitler's plan was methodical and well conceived, starting with the conquest of Eastern Europe, expanding to the European heartland, then moving on to the 'World Island' consisting of Europe, Asia and Africa. His final move would be to reach across the oceans for the ultimate conquest of the Americas and the World.<br /><br />In 1935, Hitler ordered national conscription, as the rest of the country fell under his evil spell. Grade school children sang his praises, and young German boys received training and indoctrination in military camps. Marching unopposed into Austria in 1938, Hitler followed by annexing a strip of land bordering Germany and Czechoslovakia called Sudetenland. In 1939, Hitler took all of Czechoslovakia. Later in the year, the world was stunned to learn that Germany signed a non-aggression pact with it's mortal enemy Russia, a ploy to delay Hitler's military involvement on too many fronts. Immediately after, Germany invaded Poland, bringing Hitler's conquest right to Russia's doorstep. He would deal with her later.<br /><br />It was during this period that Britain still declined to oppose Hitler's thrust across Europe. Prime Minister Neville Chamberlain felt he procured a great victory for his country by accepting a treaty with Germany, his infamous declaration stating 'Peace in Our Time'. It didn't turn out that way.<br /><br />The most fascinating information to be learned in this installment, at least to me, was provided by a small snippet of footage from a German pro Hitler rally in the mid '30's. It was led by a German American taking his cue directly from the homeland. The venue - Madison Square Garden!",pos
"This is a family film, which to some people is an automatic turn off. It seems that too many people do not want to see films that are not loaded down with failing arms and legs, gratuitous violence and enough expletives to fill the New York phone book. This film is none of those. It is cliché, it is formula, but it is also fun. It doesn't ask you to think, it doesn't demand that you accept the film as reality. It simply does what a good film ought to do, which is to willingly suspend disbelief for two hours and enjoy the adventure. The cast is good, while not excellent. As another commenter pointed out the John Williams sound score was, as usual, excellent. And the fact that a lot of the film was shot in Huntsville at the real space camp made it even more believable. <br /><br />It was ironic that the original release of the film was delayed for some months due to the Challenger Shuttle disaster, which may have played a large part in it's original theatrical opening, but the film eventually has helped to focus the dreams of many young people back towards space and the possibilities that lie therein. SO sit back with your kids and prepare to enjoy.",pos
"This is one of those movies that I've seen so many times that I can quote most of it. Some of the lines in this movie are just unbeatable. I particularly enjoy watching him stumble and fall while drunk, go out to the fancy restaurant drunk and the part with the moose.<br /><br />I don't know how many times I have seen this sequence but it's funny every time. From the moment Arthur gets to Susan's Dad's place to the bit with the moose, you pretty much laugh the whole time. I remember watching the out-takes regarding the bit with the moose. It went down just like I'd imagined it'd be like. They were all laughing so hard it was difficult for them to film it.<br /><br />The late Sir John Gielgud was a wonderful addition to this. His demeanor, his one-liners and the way he handled Arthur were all equally hilarious. It's always a funny moment when he whacks him over the head with his hat or tells him he's a spoiled little ____. I laugh every time I listen to the ""I'm going to have a bath"" and the lines that follow.",pos
"Alright, I got passed the horrible acting. I got passed the fact that Lil Kim was blasting some cannons and her arms or hands weren't moving, I got passed the weaves, I got passed the colored contacts.<br /><br />This is what killed it for me: In the scene where the four roses were sitting at the table arguing. Lisa-Raye and Monica Calhoun stand up and, and then Lil Kim gets up to break up any hostilities by saying, ""Whoa, Whoa, Whoa, Hold up. Let's CHILL OUT here for a HOT SECOND."" I am a fan of the western movie genre, and I never heard anyone talk slang like this in any of Clint Eastwood's movies.<br /><br />If anyone thinks this movie deserves over a 1 rating, please tell me another movie that's worse than Gang of Roses.<br /><br />I'm through.",neg
"Until I saw this special on HBO, I had never heard of Eddie Izzard. I sure am glad that I have now! He is one of the funniest comedians I have ever seen! Rarely has a comedian immersed himself so completely in his craft then Eddie. I could not stop laughing for the entire show. If you like to laugh you HAVE to see this special!",pos
"Though I'm not the biggest fan of wirework based martial arts films, when a film goes straight for fantasy rather than fighting I get a lot more fun out of it and this film is one of the best in terms of fantastical plotting and crazy flying shenanigans. Ching Siu Tung has crafted here an enchanting treat with fine performance and much ethereal beauty. The great, tragic Leslie Cheung plays a tax collector hero who stays the night in a haunted temple and gets involved with a stunning fox spirit and a wacky Taoist. Cheungs performance is filled with naive but dignified charm and Wu Ma is pleasingly off the wall as the Taoist monk, who shows off some swordplay and even gets a musical number. Perhaps best off all is Joey Wang as the fox spirit, truly a delight to behold with every movement and gesture entrancingly seductive. The film takes in elements of fantasy, horror, comedy and romance, all stirred together into a constantly entertaining package. Ching Siu Tung, directing and handling the choreography gives some neat wirework thrills, and fills the film with mists, shadows and eerily enthralling benighted forest colours, giving every forest scene a wonderfully bewitching atmosphere. Also notable are the elaborate hair stylings and gorgeous flowing garments of the female characters, with, if I'm not mistaken, Joey Wang sporting hair done up like fox ears at times, a marvellous touch. Though the film features relatively little action and some perhaps ill advised cheesy pop songs at times, this is a beautiful piece of entertainment, with swell characters and plotting, even the odd neat character arc, a near constant supply of visual treats and copious dreamy atmosphere. An ethereal treasure, highly recommended.",pos
"Steve Biko was a black activist who tried to resist the white minority governed South Africa in much the same way as Gandhi tried to resist the British empire's colonialism in India. Richard Attenborough's film Cry Freedom is not about Biko or Apartheid as much as it is about Donald Woods, the white liberal newspaper editor who risked his life trying to tell Biko's story. The film has a jarring point of view switch after Biko dies in prison from tortuous behavior at the hands of South African ""police"". Woods, played by Kevin Kline, must choose whether to do the right thing and flee the country to publish books about Biko or allow his wife, played by Penelope Wilton, to pressure him into forgetting about the books. In that case, Biko dies in vain. What begins as a life-changing friendship between Biko and Woods degenerates into a standard by the numbers escape over the border yarn after Biko's death. Oscar-nominated Denzel Washington is good in only his fourth film as Biko, but something is wrong in a film that tries to depict the struggles of Apartheid by focusing more on the trials of a white family for more than half the film. Attenborough would have served his topic better by focusing on Biko's rise to prominence instead of beginning where Biko befriended Woods. Perhaps a black actor in a leading role in a 2 1/2 hour film wasn't exactly conducive to big box office, but the film was a tremendous box office flop anyway. Film politics aside, the film still entertains and sends a message or two, albeit, in PG-sanitized fashion. *** of 4 stars.",neg
"Every time this film is on the BBC somebody in the Radio Times says how it is a satire against the post war world of rationing and the welfare state. I do not think this is the point of the film at all. The film parodies the spivs(small time criminals who ran the blackmarket) and the housewives league who campaigned against government restrictions but were really a Tory front organisation.<br /><br />Yes of course the film sends up the political/social situation but in the end the people realise that they need all the controls to ensure a fair society,they want to be British and muddle through rather than foreign.<br /><br />But I don't think they go back to being exactly like they were before.",pos
If you liked watching Mel Gibson in Million Dollar Hotel then you might enjoy watching Burt Reynolds in yet another film so bad it could never be distributed. I can only attest to the DVD version so maybe the VHS version is better quality wise but the movies night and dark scenes have been so poorly done that everythings seems red. I first thought my DVD players was messed up. It wasn't. If you insist on watching it I recommend you adjust the color on your TV until it is black and white. If you don't you will never be able to get through the film. If you do it will simply remind you of a poor film students attempt to revist the style of Pulp Fiction.,neg
"The John Van Druten Broadway hit is brought to the screen with a maximum of star power in this romantic fantasy about a modern-day witch who beguiles a successful Manhattan publisher. James Stewart may get top billing, but it is Kim Novak who steals the show as one of the most alluring witches ever to cast a spell on the movie screen. The lead pairing is, in fact, one of the movie's few weaknesses: the gray-haired Stewart seems a bit old for the role, and while it is easy to see why he falls hard for Novak, it's a little harder to understand what she finds attractive about him, as they seem mismatched in temperment and outlook. (It is one of the story's amusing conceits that witches and warlocks are portrayed as Greenwich Village beatniks and bohemians.) Curiously, the Stewart-Novak pairing would generate a lot more heat in ""Vertigo"", released the same year as this film, but then ""Vertigo"" had a compelling suspense story, and the benefit of Alfred Hitchcock's direction.<br /><br />The film's comic moments are mostly provided by the stellar supporting cast, including a young Jack Lemmon (as Kim's warlock brother), Elsa Lanchester (their ditzy aunt), and Ernie Kovacs (!) as a befuddled writer. Hermione Gingold even shows up in a hilarious cameo as a sort of Grand Witch. There's lots to like in this movie--wit, romance, and a great cast--that is, if you can possibly take your eyes off the enchanting Miss Novak. I have seen the movie a half a dozen times, and I never can.",pos
